id,created_at,updated_at,deleted_at,espn_id,name,position,team,fantasy_points,status,passing_yards,passing_t_ds,interceptions,rushing_yards,rushing_t_ds,receptions,receiving_yards,receiving_t_ds,fumbles,field_goals,extra_points
1094730571091279873,2025-08-02 17:27:36.700345+00,2025-08-23 01:20:17.325034+00,,3117251,Christian McCaffrey,RB,"",0,"",0,0,0,0,0,0,0,0,0,0,0
1094730574699560961,2025-08-02 17:27:38.241826+00,2025-08-23 01:20:17.716769+00,,4569618,Garrett Wilson,WR,"",0,"",0,0,0,0,0,0,0,0,0,0,0
1094730578008932353,2025-08-02 17:27:39.25514+00,2025-08-23 01:20:17.9988+00,,4432708,Marvin Harrison Jr.,WR,"",0,"",0,0,0,0,0,0,0,0,0,0,0
1094730580772552705,2025-08-02 17:27:40.093637+00,2025-08-23 01:20:18.302708+00,,4697815,Rachaad White,RB,"",0,"",0,0,0,0,0,0,0,0,0,0,0
1094730581643493377,2025-08-02 17:27:40.360247+00,2025-08-23 01:20:18.618044+00,,3917315,Kyler Murray,QB,"",0,"",0,0,0,0,0,0,0,0,0,0,0
1094730583182344193,2025-08-02 17:27:40.829317+00,2025-08-23 01:20:18.92026+00,,4429615,Zay Flowers,WR,"",0,"",0,0,0,0,0,0,0,0,0,0,0
1094730584488378369,2025-08-02 17:27:41.228188+00,2025-08-23 01:20:19.22379+00,,3925357,Calvin Ridley,WR,"",0,"",0,0,0,0,0,0,0,0,0,0,0
1094730585503465473,2025-08-02 17:27:41.537713+00,2025-08-23 01:20:19.516077+00,,4241474,Brian Robinson Jr.,RB,"",0,"",0,0,0,0,0,0,0,0,0,0,0
1094730586804912129,2025-08-02 17:27:41.935743+00,2025-08-23 01:20:19.794882+00,,3122840,Deshaun Watson,QB,"",0,"",0,0,0,0,0,0,0,0,0,0,0
1094730587837104129,2025-08-02 17:27:42.250428+00,2025-08-23 01:20:20.066458+00,,3123076,David Njoku,TE,"",0,"",0,0,0,0,0,0,0,0,0,0,0
1094730588839739393,2025-08-02 17:27:42.556307+00,2025-08-23 01:20:20.326957+00,,4612826,Ladd McConkey,WR,"",0,"",0,0,0,0,0,0,0,0,0,0,0
1094730590060249089,2025-08-02 17:27:42.928877+00,2025-08-23 01:20:20.612924+00,,15864,Geno Smith,QB,"",0,"",0,0,0,0,0,0,0,0,0,0,0
1094730591119278081,2025-08-02 17:27:43.240346+00,2025-08-23 01:20:20.912279+00,,4241985,J.K. Dobbins,RB,"",0,"",0,0,0,0,0,0,0,0,0,0,0
1094730592401817601,2025-08-02 17:27:43.644204+00,2025-08-23 01:20:21.177278+00,,3049899,Younghoe Koo,K,"",0,"",0,0,0,0,0,0,0,0,0,0,0
1094730593719812097,2025-08-02 17:27:44.041186+00,2025-08-23 01:20:21.44664+00,,-16003,Bears D/ST,D/ST,"",0,"",0,0,0,0,0,0,0,0,0,0,0
1094730594739748865,2025-08-02 17:27:44.355171+00,2025-08-23 01:20:21.721136+00,,4432665,Brock Bowers,TE,"",0,"",0,0,0,0,0,0,0,0,0,0,0
1094730595874865153,2025-08-02 17:27:44.708778+00,2025-08-23 01:20:22.004107+00,,4360569,Jordan Mason,RB,"",0,"",0,0,0,0,0,0,0,0,0,0,0
1094730597137383425,2025-08-02 17:27:45.088781+00,2025-08-23 01:20:22.279243+00,,3918298,Josh Allen,QB,"",0,"",0,0,0,0,0,0,0,0,0,0,0
1094730598123241473,2025-08-02 17:27:45.390237+00,2025-08-23 01:20:22.556333+00,,4040715,Jalen Hurts,QB,"",0,"",0,0,0,0,0,0,0,0,0,0,0
1094730599209566209,2025-08-02 17:27:45.721011+00,2025-08-23 01:20:22.868814+00,,4035687,Michael Pittman Jr.,WR,"",0,"",0,0,0,0,0,0,0,0,0,0,0
1094730600479424513,2025-08-02 17:27:46.107448+00,2025-08-23 01:20:23.139959+00,,15847,Travis Kelce,TE,"",0,"",0,0,0,0,0,0,0,0,0,0,0
1094730601687678977,2025-08-02 17:27:46.475558+00,2025-08-23 01:20:23.4136+00,,3915416,DJ Moore,WR,"",0,"",0,0,0,0,0,0,0,0,0,0,0
1094730602653974529,2025-08-02 17:27:46.772176+00,2025-08-23 01:20:23.682647+00,,4595348,Malik Nabers,WR,"",0,"",0,0,0,0,0,0,0,0,0,0,0
1094730603896602625,2025-08-02 17:27:47.151437+00,2025-08-23 01:20:23.942093+00,,3045147,James Conner,RB,"",0,"",0,0,0,0,0,0,0,0,0,0,0
1094730605882572801,2025-08-02 17:27:47.756305+00,2025-08-23 01:20:24.222523+00,,2976499,Amari Cooper,WR,"",0,"",0,0,0,0,0,0,0,0,0,0,0
1094730607233564673,2025-08-02 17:27:48.171093+00,2025-08-23 01:20:24.518066+00,,4361579,Javonte Williams,RB,"",0,"",0,0,0,0,0,0,0,0,0,0,0
1094730608261922817,2025-08-02 17:27:48.481911+00,2025-08-23 01:20:24.797656+00,,4429205,Jordan Addison,WR,"",0,"",0,0,0,0,0,0,0,0,0,0,0
1094730609238278145,2025-08-02 17:27:48.781247+00,2025-08-23 01:20:25.068283+00,,4038941,Justin Herbert,QB,"",0,"",0,0,0,0,0,0,0,0,0,0,0
1094730610216009729,2025-08-02 17:27:49.080392+00,2025-08-23 01:20:25.337509+00,,3051392,Ezekiel Elliott,RB,"",0,"",0,0,0,0,0,0,0,0,0,0,0
1094730611249479681,2025-08-02 17:27:49.394179+00,2025-08-23 01:20:25.644289+00,,3050478,Jake Elliott,K,"",0,"",0,0,0,0,0,0,0,0,0,0,0
1094730612490338305,2025-08-02 17:27:49.772719+00,2025-08-23 01:20:25.9262+00,,4373626,Tyler Allgeier,RB,"",0,"",0,0,0,0,0,0,0,0,0,0,0
1094730613479571457,2025-08-02 17:27:50.07603+00,2025-08-23 01:20:26.184839+00,,-16023,Steelers D/ST,D/ST,"",0,"",0,0,0,0,0,0,0,0,0,0,0
1094730614514909185,2025-08-02 17:27:50.391728+00,2025-08-23 01:20:26.448773+00,,4040655,Darnell Mooney,WR,"",0,"",0,0,0,0,0,0,0,0,0,0,0
1094730616163729409,2025-08-02 17:27:50.889849+00,2025-08-23 01:20:26.854526+00,,4262921,Justin Jefferson,WR,"",0,"",0,0,0,0,0,0,0,0,0,0,0
1094730617092276225,2025-08-02 17:27:51.180635+00,2025-08-23 01:20:27.149385+00,,4242335,Jonathan Taylor,RB,"",0,"",0,0,0,0,0,0,0,0,0,0,0
1094730618215006209,2025-08-02 17:27:51.521446+00,2025-08-23 01:20:27.451097+00,,4379399,James Cook,RB,"",0,"",0,0,0,0,0,0,0,0,0,0,0
1094730619837054977,2025-08-02 17:27:52.014407+00,2025-08-23 01:20:27.738833+00,,4429795,Jahmyr Gibbs,RB,"",0,"",0,0,0,0,0,0,0,0,0,0,0
1094730621059170305,2025-08-02 17:27:52.38889+00,2025-08-23 01:20:27.999339+00,,4241478,DeVonta Smith,WR,"",0,"",0,0,0,0,0,0,0,0,0,0,0
1094730622083432449,2025-08-02 17:27:52.701821+00,2025-08-23 01:20:28.260347+00,,2977187,Cooper Kupp,WR,"",0,"",0,0,0,0,0,0,0,0,0,0,0
1094730623171854337,2025-08-02 17:27:53.033364+00,2025-08-23 01:20:28.524567+00,,4035538,David Montgomery,RB,"",0,"",0,0,0,0,0,0,0,0,0,0,0
1094730624424574977,2025-08-02 17:27:53.416268+00,2025-08-23 01:20:28.797477+00,,4426348,Jayden Daniels,QB,"",0,"",0,0,0,0,0,0,0,0,0,0,0
1094730625427275777,2025-08-02 17:27:53.722211+00,2025-08-23 01:20:29.063821+00,,4360248,Kyle Pitts,TE,"",0,"",0,0,0,0,0,0,0,0,0,0,0
1094730626494758913,2025-08-02 17:27:54.047207+00,2025-08-23 01:20:29.331666+00,,4431611,Caleb Williams,QB,"",0,"",0,0,0,0,0,0,0,0,0,0,0
1094730627762094081,2025-08-02 17:27:54.437448+00,2025-08-23 01:20:29.606264+00,,4683062,Xavier Worthy,WR,"",0,"",0,0,0,0,0,0,0,0,0,0,0
1094730628507467777,2025-08-02 17:27:54.663011+00,2025-08-23 01:20:29.892394+00,,12483,Matthew Stafford,QB,"",0,"",0,0,0,0,0,0,0,0,0,0,0
1094730629749243905,2025-08-02 17:27:55.042773+00,2025-08-23 01:20:30.158943+00,,-16020,Jets D/ST,D/ST,"",0,"",0,0,0,0,0,0,0,0,0,0,0
1094730631899742209,2025-08-02 17:27:55.697751+00,2025-08-23 01:20:30.450406+00,,3128429,Courtland Sutton,WR,"",0,"",0,0,0,0,0,0,0,0,0,0,0
1094730633198698497,2025-08-02 17:27:56.096521+00,2025-08-23 01:20:30.733624+00,,4360234,Evan McPherson,K,"",0,"",0,0,0,0,0,0,0,0,0,0,0
1094730634186555393,2025-08-02 17:27:56.395845+00,2025-08-23 01:20:31.027623+00,,-16026,Seahawks D/ST,D/ST,"",0,"",0,0,0,0,0,0,0,0,0,0,0
1094730635213864961,2025-08-02 17:27:56.701152+00,2025-08-23 01:20:31.309896+00,,3116406,Tyreek Hill,WR,"",0,"",0,0,0,0,0,0,0,0,0,0,0
1094730636451086337,2025-08-02 17:27:57.086715+00,2025-08-23 01:20:31.598444+00,,4361370,Chris Olave,WR,"",0,"",0,0,0,0,0,0,0,0,0,0,0
1094730637525680129,2025-08-02 17:27:57.413564+00,2025-08-23 01:20:31.862092+00,,3043078,Derrick Henry,RB,"",0,"",0,0,0,0,0,0,0,0,0,0,0
1094730638572421121,2025-08-02 17:27:57.734555+00,2025-08-23 01:20:32.143538+00,,2976212,Stefon Diggs,WR,"",0,"",0,0,0,0,0,0,0,0,0,0,0
1094730639792766977,2025-08-02 17:27:58.107503+00,2025-08-23 01:20:32.403724+00,,2577417,Dak Prescott,QB,"",0,"",0,0,0,0,0,0,0,0,0,0,0
1094730640528572417,2025-08-02 17:27:58.330349+00,2025-08-23 01:20:32.707127+00,,3916148,Tony Pollard,RB,"",0,"",0,0,0,0,0,0,0,0,0,0,0
1094730641788567553,2025-08-02 17:27:58.710171+00,2025-08-23 01:20:32.984217+00,,4361307,Trey McBride,TE,"",0,"",0,0,0,0,0,0,0,0,0,0,0
1094730642774097921,2025-08-02 17:27:59.015538+00,2025-08-23 01:20:33.281573+00,,4361777,Zamir White,RB,"",0,"",0,0,0,0,0,0,0,0,0,0,0
1094730643865534465,2025-08-02 17:27:59.346921+00,2025-08-23 01:20:33.569481+00,,4428331,Rashee Rice,WR,"",0,"",0,0,0,0,0,0,0,0,0,0,0
1094730645470937089,2025-08-02 17:27:59.838737+00,2025-08-23 01:20:33.853469+00,,2576414,Raheem Mostert,RB,"",0,"",0,0,0,0,0,0,0,0,0,0,0
1094730646764814337,2025-08-02 17:28:00.233822+00,2025-08-23 01:20:34.12807+00,,4360310,Trevor Lawrence,QB,"",0,"",0,0,0,0,0,0,0,0,0,0,0
1094730647838523393,2025-08-02 17:28:00.561589+00,2025-08-23 01:20:34.395235+00,,4362238,Chase Brown,RB,"",0,"",0,0,0,0,0,0,0,0,0,0,0
1094730648900239361,2025-08-02 17:28:00.885266+00,2025-08-23 01:20:34.703077+00,,3052587,Baker Mayfield,QB,"",0,"",0,0,0,0,0,0,0,0,0,0,0
1094730650197360641,2025-08-02 17:28:01.281874+00,2025-08-23 01:20:34.995931+00,,4373678,Khalil Shakir,WR,"",0,"",0,0,0,0,0,0,0,0,0,0,0
1094730651199438849,2025-08-02 17:28:01.585624+00,2025-08-23 01:20:35.274243+00,,3055899,Harrison Butker,K,"",0,"",0,0,0,0,0,0,0,0,0,0,0
1094730652196372481,2025-08-02 17:28:01.887873+00,2025-08-23 01:20:35.552059+00,,-16015,Dolphins D/ST,D/ST,"",0,"",0,0,0,0,0,0,0,0,0,0,0
1094730653886513153,2025-08-02 17:28:02.406569+00,2025-08-23 01:20:35.960791+00,,4362628,Ja'Marr Chase,WR,"",0,"",0,0,0,0,0,0,0,0,0,0,0
1094730654940528641,2025-08-02 17:28:02.715721+00,2025-08-23 01:20:36.230424+00,,3916387,Lamar Jackson,QB,"",0,"",0,0,0,0,0,0,0,0,0,0,0
1094730655875301377,2025-08-02 17:28:03.017728+00,2025-08-23 01:20:36.545095+00,,4429160,De'Von Achane,RB,"",0,"",0,0,0,0,0,0,0,0,0,0,0
1094730657299333121,2025-08-02 17:28:03.450012+00,2025-08-23 01:20:36.829634+00,,4426502,Drake London,WR,"",0,"",0,0,0,0,0,0,0,0,0,0,0
1094730659010772993,2025-08-02 17:28:03.957462+00,2025-08-23 01:20:37.105033+00,,4567048,Kenneth Walker III,RB,"",0,"",0,0,0,0,0,0,0,0,0,0,0
1094730660101292033,2025-08-02 17:28:04.303417+00,2025-08-23 01:20:37.388785+00,,3126486,Deebo Samuel Sr.,WR,"",0,"",0,0,0,0,0,0,0,0,0,0,0
1094730661044551681,2025-08-02 17:28:04.587014+00,2025-08-23 01:20:37.65401+00,,3116365,Mark Andrews,TE,"",0,"",0,0,0,0,0,0,0,0,0,0,0
1094730662283051009,2025-08-02 17:28:04.975353+00,2025-08-23 01:20:37.913574+00,,4361741,Brock Purdy,QB,"",0,"",0,0,0,0,0,0,0,0,0,0,0
1094730663327596545,2025-08-02 17:28:05.283572+00,2025-08-23 01:20:38.183987+00,,3121422,Terry McLaurin,WR,"",0,"",0,0,0,0,0,0,0,0,0,0,0
1094730664351793153,2025-08-02 17:28:05.600274+00,2025-08-23 01:20:38.452862+00,,4362249,Jayden Reed,WR,"",0,"",0,0,0,0,0,0,0,0,0,0,0
1094730665670475777,2025-08-02 17:28:05.999148+00,2025-08-23 01:20:38.736695+00,,4635008,Keon Coleman,WR,"",0,"",0,0,0,0,0,0,0,0,0,0,0
1094730666758733825,2025-08-02 17:28:06.33592+00,2025-08-23 01:20:39.010762+00,,4678008,Jonathon Brooks,RB,"",0,"",0,0,0,0,0,0,0,0,0,0,0
1094730667773722625,2025-08-02 17:28:06.645063+00,2025-08-23 01:20:39.29705+00,,-16033,Ravens D/ST,D/ST,"",0,"",0,0,0,0,0,0,0,0,0,0,0
1094730669086081025,2025-08-02 17:28:07.04546+00,2025-08-23 01:20:39.568242+00,,4432773,Brian Thomas Jr.,WR,"",0,"",0,0,0,0,0,0,0,0,0,0,0
1094730670177222657,2025-08-02 17:28:07.378009+00,2025-08-23 01:20:39.874408+00,,4372066,Jake Moody,K,"",0,"",0,0,0,0,0,0,0,0,0,0,0
1094730671191031809,2025-08-02 17:28:07.687576+00,2025-08-23 01:20:40.151631+00,,4428850,Dontayvion Wicks,WR,"",0,"",0,0,0,0,0,0,0,0,0,0,0
1094730672443719681,2025-08-02 17:28:08.068968+00,2025-08-23 01:20:40.424639+00,,3912547,Sam Darnold,QB,"",0,"",0,0,0,0,0,0,0,0,0,0,0
1094730673518018561,2025-08-02 17:28:08.400261+00,2025-08-23 01:20:40.700665+00,,4047646,A.J. Brown,WR,"",0,"",0,0,0,0,0,0,0,0,0,0,0
1094730674564333569,2025-08-02 17:28:08.709288+00,2025-08-23 01:20:40.971764+00,,3929630,Saquon Barkley,RB,"",0,"",0,0,0,0,0,0,0,0,0,0,0
1094730675900678145,2025-08-02 17:28:09.118415+00,2025-08-23 01:20:41.255836+00,,4429084,Anthony Richardson,QB,"",0,"",0,0,0,0,0,0,0,0,0,0,0
1094730676611612673,2025-08-02 17:28:09.342908+00,2025-08-23 01:20:41.515559+00,,16737,Mike Evans,WR,"",0,"",0,0,0,0,0,0,0,0,0,0,0
1094730677903261697,2025-08-02 17:28:09.730709+00,2025-08-23 01:20:41.790523+00,,3042519,Aaron Jones,RB,"",0,"",0,0,0,0,0,0,0,0,0,0,0
1094730678945316865,2025-08-02 17:28:10.05389+00,2025-08-23 01:20:42.08537+00,,4360438,Brandon Aiyuk,WR,"",0,"",0,0,0,0,0,0,0,0,0,0,0
1094730680595120129,2025-08-02 17:28:10.558837+00,2025-08-23 01:20:42.351514+00,,14880,Kirk Cousins,QB,"",0,"",0,0,0,0,0,0,0,0,0,0,0
1094730681596182529,2025-08-02 17:28:10.867243+00,2025-08-23 01:20:42.620919+00,,3051876,Evan Engram,TE,"",0,"",0,0,0,0,0,0,0,0,0,0,0
1094730682850279425,2025-08-02 17:28:11.246764+00,2025-08-23 01:20:42.895592+00,,3932905,Diontae Johnson,WR,"",0,"",0,0,0,0,0,0,0,0,0,0,0
1094730683943813121,2025-08-02 17:28:11.57572+00,2025-08-23 01:20:43.165419+00,,-16005,Browns D/ST,D/ST,"",0,"",0,0,0,0,0,0,0,0,0,0,0
1094730684924067841,2025-08-02 17:28:11.880125+00,2025-08-23 01:20:43.443238+00,,4040761,Devin Singletary,RB,"",0,"",0,0,0,0,0,0,0,0,0,0,0
1094730686175444993,2025-08-02 17:28:12.263283+00,2025-08-23 01:20:43.734366+00,,15683,Justin Tucker,K,"",0,"",0,0,0,0,0,0,0,0,0,0,0
1094730686925504513,2025-08-02 17:28:12.491353+00,2025-08-23 01:20:44.003156+00,,2577327,Tyler Lockett,WR,"",0,"",0,0,0,0,0,0,0,0,0,0,0
1094730688280297473,2025-08-02 17:28:12.903325+00,2025-08-23 01:20:44.264081+00,,3051926,Gus Edwards,RB,"",0,"",0,0,0,0,0,0,0,0,0,0,0
1094730689631256577,2025-08-02 17:28:13.315315+00,2025-08-23 01:20:44.547408+00,,3917792,Daniel Jones,QB,"",0,"",0,0,0,0,0,0,0,0,0,0,0
1094730690383675393,2025-08-02 17:28:13.54694+00,2025-08-23 01:20:44.821955+00,,3916433,Jakobi Meyers,WR,"",0,"",0,0,0,0,0,0,0,0,0,0,0
1094730692102324225,2025-08-02 17:28:14.061094+00,2025-08-23 01:20:45.217801+00,,4241389,CeeDee Lamb,WR,"",0,"",0,0,0,0,0,0,0,0,0,0,0
1094730693474942977,2025-08-02 17:28:14.484252+00,2025-08-23 01:20:45.491076+00,,4426515,Puka Nacua,WR,"",0,"",0,0,0,0,0,0,0,0,0,0,0
1094730694887440385,2025-08-02 17:28:14.919149+00,2025-08-23 01:20:45.76057+00,,4432577,C.J. Stroud,QB,"",0,"",0,0,0,0,0,0,0,0,0,0,0
1094730695955742721,2025-08-02 17:28:15.245927+00,2025-08-23 01:20:46.035964+00,,3054850,Alvin Kamara,RB,"",0,"",0,0,0,0,0,0,0,0,0,0,0
1094730696911912961,2025-08-02 17:28:15.541275+00,2025-08-23 01:20:46.314895+00,,3116385,Joe Mixon,RB,"",0,"",0,0,0,0,0,0,0,0,0,0,0
1094730698208968705,2025-08-02 17:28:15.933013+00,2025-08-23 01:20:46.585512+00,,4569173,Rhamondre Stevenson,RB,"",0,"",0,0,0,0,0,0,0,0,0,0,0
1094730698984554497,2025-08-02 17:28:16.16651+00,2025-08-23 01:20:46.860107+00,,8439,Aaron Rodgers,QB,"",0,"",0,0,0,0,0,0,0,0,0,0,0
1094730700256608257,2025-08-02 17:28:16.552644+00,2025-08-23 01:20:47.12749+00,,3116165,Chris Godwin,WR,"",0,"",0,0,0,0,0,0,0,0,0,0,0
1094730701346668545,2025-08-02 17:28:16.889596+00,2025-08-23 01:20:47.399995+00,,3040151,George Kittle,TE,"",0,"",0,0,0,0,0,0,0,0,0,0,0
1094730702317846529,2025-08-02 17:28:17.19196+00,2025-08-23 01:20:47.670548+00,,4430878,Jaxon Smith-Njigba,WR,"",0,"",0,0,0,0,0,0,0,0,0,0,0
1094730703563128833,2025-08-02 17:28:17.570717+00,2025-08-23 01:20:47.958749+00,,3895856,Christian Kirk,WR,"",0,"",0,0,0,0,0,0,0,0,0,0,0
1094730704653844481,2025-08-02 17:28:17.900341+00,2025-08-23 01:20:48.230431+00,,3068267,Austin Ekeler,RB,"",0,"",0,0,0,0,0,0,0,0,0,0,0
1094730706191187969,2025-08-02 17:28:18.369688+00,2025-08-23 01:20:48.490907+00,,3045138,Mike Williams,WR,"",0,"",0,0,0,0,0,0,0,0,0,0,0
1094730707407765505,2025-08-02 17:28:18.736913+00,2025-08-23 01:20:48.761358+00,,4362081,Cameron Dicker,K,"",0,"",0,0,0,0,0,0,0,0,0,0,0
1094730708725727233,2025-08-02 17:28:19.136417+00,2025-08-23 01:20:49.038108+00,,-16018,Saints D/ST,D/ST,"",0,"",0,0,0,0,0,0,0,0,0,0,0
1094730709726396417,2025-08-02 17:28:19.438751+00,2025-08-23 01:20:49.299318+00,,4426388,Jameson Williams,WR,"",0,"",0,0,0,0,0,0,0,0,0,0,0
1094730710709174273,2025-08-02 17:28:19.751625+00,2025-08-23 01:20:49.592099+00,,4374302,Amon-Ra St. Brown,WR,"",0,"",0,0,0,0,0,0,0,0,0,0,0
1094730711956324353,2025-08-02 17:28:20.127348+00,2025-08-23 01:20:49.869643+00,,4361529,Isiah Pacheco,RB,"",0,"",0,0,0,0,0,0,0,0,0,0,0
1094730712721293313,2025-08-02 17:28:20.361403+00,2025-08-23 01:20:50.134255+00,,16800,Davante Adams,WR,"",0,"",0,0,0,0,0,0,0,0,0,0,0
1094730713967034369,2025-08-02 17:28:20.73976+00,2025-08-23 01:20:50.409985+00,,3046779,Jared Goff,QB,"",0,"",0,0,0,0,0,0,0,0,0,0,0
1094730714930348033,2025-08-02 17:28:21.035543+00,2025-08-23 01:20:50.693462+00,,4047365,Josh Jacobs,RB,"",0,"",0,0,0,0,0,0,0,0,0,0,0
1094730715963424769,2025-08-02 17:28:21.350778+00,2025-08-23 01:20:50.967515+00,,4241479,Tua Tagovailoa,QB,"",0,"",0,0,0,0,0,0,0,0,0,0,0
1094730717237084161,2025-08-02 17:28:21.730753+00,2025-08-23 01:20:51.250989+00,,4385690,Dalton Kincaid,TE,"",0,"",0,0,0,0,0,0,0,0,0,0,0
1094730718285889537,2025-08-02 17:28:22.059902+00,2025-08-23 01:20:51.524672+00,,15818,Keenan Allen,WR,"",0,"",0,0,0,0,0,0,0,0,0,0,0
1094730719989006337,2025-08-02 17:28:22.579955+00,2025-08-23 01:20:51.793803+00,,4569987,Jaylen Warren,RB,"",0,"",0,0,0,0,0,0,0,0,0,0,0
1094730721002160129,2025-08-02 17:28:22.889409+00,2025-08-23 01:20:52.066379+00,,-16025,49ers D/ST,D/ST,"",0,"",0,0,0,0,0,0,0,0,0,0,0
1094730722242691073,2025-08-02 17:28:23.272764+00,2025-08-23 01:20:52.341269+00,,4241463,Jerry Jeudy,WR,"",0,"",0,0,0,0,0,0,0,0,0,0,0
1094730723004612609,2025-08-02 17:28:23.502885+00,2025-08-23 01:20:52.609053+00,,3953687,Brandon Aubrey,K,"",0,"",0,0,0,0,0,0,0,0,0,0,0
1094730724353343489,2025-08-02 17:28:23.90761+00,2025-08-23 01:20:52.893217+00,,4241372,Hollywood Brown,WR,"",0,"",0,0,0,0,0,0,0,0,0,0,0
1094730726205489153,2025-08-02 17:28:24.477939+00,2025-08-23 01:20:53.174384+00,,4429275,Trey Benson,RB,"",0,"",0,0,0,0,0,0,0,0,0,0,0
1094730727586660353,2025-08-02 17:28:24.901888+00,2025-08-23 01:20:53.450402+00,,4426385,Zach Charbonnet,RB,"",0,"",0,0,0,0,0,0,0,0,0,0,0
1094730728592179201,2025-08-02 17:28:25.205135+00,2025-08-23 01:20:53.736815+00,,4032473,Rashid Shaheed,WR,"",0,"",0,0,0,0,0,0,0,0,0,0,0
1094730730242015233,2025-08-02 17:28:25.702169+00,2025-08-23 01:20:54.175297+00,,4427366,Breece Hall,RB,"",0,"",0,0,0,0,0,0,0,0,0,0,0
1094730731448696833,2025-08-02 17:28:26.061269+00,2025-08-23 01:20:54.448674+00,,3139477,Patrick Mahomes,QB,"",0,"",0,0,0,0,0,0,0,0,0,0,0
1094730733024641025,2025-08-02 17:28:26.56018+00,2025-08-23 01:20:54.765038+00,,4430737,Kyren Williams,RB,"",0,"",0,0,0,0,0,0,0,0,0,0,0
1094730734384185345,2025-08-02 17:28:26.972141+00,2025-08-23 01:20:55.058474+00,,4047650,DK Metcalf,WR,"",0,"",0,0,0,0,0,0,0,0,0,0,0
1094730735460515841,2025-08-02 17:28:27.301731+00,2025-08-23 01:20:55.34523+00,,4036378,Jordan Love,QB,"",0,"",0,0,0,0,0,0,0,0,0,0,0
1094730736451190785,2025-08-02 17:28:27.606909+00,2025-08-23 01:20:55.605524+00,,4372016,Jaylen Waddle,WR,"",0,"",0,0,0,0,0,0,0,0,0,0,0
1094730737723539457,2025-08-02 17:28:27.991527+00,2025-08-23 01:20:55.873184+00,,4426354,George Pickens,WR,"",0,"",0,0,0,0,0,0,0,0,0,0,0
1094730738826739713,2025-08-02 17:28:28.325879+00,2025-08-23 01:20:56.144903+00,,4259545,D'Andre Swift,RB,"",0,"",0,0,0,0,0,0,0,0,0,0,0
1094730739909951489,2025-08-02 17:28:28.65884+00,2025-08-23 01:20:56.450304+00,,4035676,Zack Moss,RB,"",0,"",0,0,0,0,0,0,0,0,0,0,0
1094730741241839617,2025-08-02 17:28:29.065461+00,2025-08-23 01:20:56.735378+00,,4242355,Jake Ferguson,TE,"",0,"",0,0,0,0,0,0,0,0,0,0,0
1094730742271311873,2025-08-02 17:28:29.376833+00,2025-08-23 01:20:57.025272+00,,4431299,Rome Odunze,WR,"",0,"",0,0,0,0,0,0,0,0,0,0,0
1094730743271981057,2025-08-02 17:28:29.687566+00,2025-08-23 01:20:57.370864+00,,15795,DeAndre Hopkins,WR,"",0,"",0,0,0,0,0,0,0,0,0,0,0
1094730744600985601,2025-08-02 17:28:30.088501+00,2025-08-23 01:20:57.691984+00,,4685720,Bryce Young,QB,"",0,"",0,0,0,0,0,0,0,0,0,0,0
1094730745689407489,2025-08-02 17:28:30.427731+00,2025-08-23 01:20:57.977689+00,,-16006,Cowboys D/ST,D/ST,"",0,"",0,0,0,0,0,0,0,0,0,0,0
1094730746662223873,2025-08-02 17:28:30.72165+00,2025-08-23 01:20:58.283976+00,,4429096,Blake Corum,RB,"",0,"",0,0,0,0,0,0,0,0,0,0,0
1094730747703918593,2025-08-02 17:28:31.03692+00,2025-08-23 01:20:58.593962+00,,4689936,Jake Bates,K,"",0,"",0,0,0,0,0,0,0,0,0,0,0
1094730749732290561,2025-08-02 17:28:31.601589+00,2025-08-23 01:20:58.882505+00,,4430807,Bijan Robinson,RB,"",0,"",0,0,0,0,0,0,0,0,0,0,0
1094730750522654721,2025-08-02 17:28:31.897234+00,2025-08-23 01:20:59.147214+00,,3915511,Joe Burrow,QB,"",0,"",0,0,0,0,0,0,0,0,0,0,0
1094730751728648193,2025-08-02 17:28:32.264762+00,2025-08-23 01:20:59.446417+00,,4239996,Travis Etienne Jr.,RB,"",0,"",0,0,0,0,0,0,0,0,0,0,0
1094730752861863937,2025-08-02 17:28:32.614923+00,2025-08-23 01:20:59.738004+00,,4258173,Nico Collins,WR,"",0,"",0,0,0,0,0,0,0,0,0,0,0
1094730754291040257,2025-08-02 17:28:32.949751+00,2025-08-23 01:21:00.016242+00,,4430027,Sam LaPorta,TE,"",0,"",0,0,0,0,0,0,0,0,0,0,0
1094730755350233089,2025-08-02 17:28:33.371005+00,2025-08-23 01:21:00.28711+00,,4239993,Tee Higgins,WR,"",0,"",0,0,0,0,0,0,0,0,0,0,0
1094730756610719745,2025-08-02 17:28:33.758587+00,2025-08-23 01:21:00.570139+00,,4366031,Tank Dell,WR,"",0,"",0,0,0,0,0,0,0,0,0,0,0
1094730757379850241,2025-08-02 17:28:33.986968+00,2025-08-23 01:21:00.839549+00,,4241457,Najee Harris,RB,"",0,"",0,0,0,0,0,0,0,0,0,0,0
1094730758620053505,2025-08-02 17:28:34.368571+00,2025-08-23 01:21:01.121657+00,,3128720,Nick Chubb,RB,"",0,"",0,0,0,0,0,0,0,0,0,0,0
1094730759593787393,2025-08-02 17:28:34.667236+00,2025-08-23 01:21:01.419431+00,,4248528,Christian Watson,WR,"",0,"",0,0,0,0,0,0,0,0,0,0,0
1094730760710848513,2025-08-02 17:28:35.009118+00,2025-08-23 01:21:01.729313+00,,4428557,Tyjae Spears,RB,"",0,"",0,0,0,0,0,0,0,0,0,0,0
1094730761946955777,2025-08-02 17:28:35.384101+00,2025-08-23 01:21:02.008541+00,,4038524,Gardner Minshew,QB,"",0,"",0,0,0,0,0,0,0,0,0,0,0
1094730762949427201,2025-08-02 17:28:35.690131+00,2025-08-23 01:21:02.291678+00,,4372019,Jerome Ford,RB,"",0,"",0,0,0,0,0,0,0,0,0,0,0
1094730763927257089,2025-08-02 17:28:35.987849+00,2025-08-23 01:21:02.58036+00,,4426338,Bo Nix,QB,"",0,"",0,0,0,0,0,0,0,0,0,0,0
1094730765225066497,2025-08-02 17:28:36.3803+00,2025-08-23 01:21:02.845939+00,,2971573,Ka'imi Fairbairn,K,"",0,"",0,0,0,0,0,0,0,0,0,0,0
1094730765933019137,2025-08-02 17:28:36.604442+00,2025-08-23 01:21:03.111694+00,,-16004,Bengals D/ST,D/ST,"",0,"",0,0,0,0,0,0,0,0,0,0,0
1094730780328722433,2025-08-02 17:28:40.98491+00,2025-08-23 01:21:06.281392+00,,4241416,Chuba Hubbard,RB,"",0,"",0,0,0,0,0,0,0,0,0,0,0
1094730793398435841,2025-08-02 17:28:44.982519+00,2025-08-23 01:21:09.712821+00,,3117256,Dalton Schultz,TE,"",0,"",0,0,0,0,0,0,0,0,0,0,0
1094730807522787329,2025-08-02 17:28:49.295926+00,2025-08-23 01:21:12.851078+00,,3121023,Dallas Goedert,TE,"",0,"",0,0,0,0,0,0,0,0,0,0,0
1094730819546906625,2025-08-02 17:28:52.873359+00,2025-08-23 01:21:15.907281+00,,-16024,Chargers D/ST,D/ST,"",0,"",0,0,0,0,0,0,0,0,0,0,0
1094730820556750849,2025-08-02 17:28:53.269118+00,2025-08-23 01:21:16.220423+00,,17372,Chris Boswell,K,"",0,"",0,0,0,0,0,0,0,0,0,0,0
1094730832855760897,2025-08-02 17:28:57.024973+00,2025-08-23 01:21:19.310773+00,,4362887,Justin Fields,QB,"",0,"",0,0,0,0,0,0,0,0,0,0,0
1094730834184110081,2025-08-02 17:28:57.428007+00,2025-08-23 01:21:19.583518+00,,4242512,Malik Willis,QB,"",0,"",0,0,0,0,0,0,0,0,0,0,0
1094730835230326785,2025-08-02 17:28:57.744243+00,2025-08-23 01:21:19.853449+00,,-16021,Eagles D/ST,D/ST,"",0,"",0,0,0,0,0,0,0,0,0,0,0
1094730847225708545,2025-08-02 17:29:01.411193+00,2025-08-23 01:21:22.758074+00,,4048244,Alexander Mattison,RB,"",0,"",0,0,0,0,0,0,0,0,0,0,0
1094730848338673665,2025-08-02 17:29:01.74755+00,2025-08-23 01:21:23.036468+00,,4596448,Bucky Irving,RB,"",0,"",0,0,0,0,0,0,0,0,0,0,0
1094730863600893953,2025-08-02 17:29:06.406805+00,2025-08-23 01:21:26.402076+00,,-16034,Texans D/ST,D/ST,"",0,"",0,0,0,0,0,0,0,0,0,0,0
1094730876951429121,2025-08-02 17:29:10.486627+00,2025-08-23 01:21:29.260338+00,,-16030,Jaguars D/ST,D/ST,"",0,"",0,0,0,0,0,0,0,0,0,0,0
1094730877971529729,2025-08-02 17:29:10.791799+00,2025-08-23 01:21:29.532001+00,,14993,Greg Zuerlein,K,"",0,"",0,0,0,0,0,0,0,0,0,0,0
1094730891241521153,2025-08-02 17:29:14.842462+00,2025-08-23 01:21:32.523148+00,,4242557,Colby Parkinson,TE,"",0,"",0,0,0,0,0,0,0,0,0,0,0
1094730892525862913,2025-08-02 17:29:15.233452+00,2025-08-23 01:21:32.791918+00,,4429013,Tank Bigsby,RB,"",0,"",0,0,0,0,0,0,0,0,0,0,0
1094730905552486401,2025-08-02 17:29:19.208941+00,2025-08-23 01:21:36.170356+00,,4361050,Isaiah Likely,TE,"",0,"",0,0,0,0,0,0,0,0,0,0,0
1094730906526679041,2025-08-02 17:29:19.50615+00,2025-08-23 01:21:36.452417+00,,3122976,Jeff Wilson Jr.,RB,"",0,"",0,0,0,0,0,0,0,0,0,0,0
1094730907825274881,2025-08-02 17:29:19.896363+00,2025-08-23 01:21:36.718025+00,,4722893,Jaleel McLaughlin,RB,"",0,"",0,0,0,0,0,0,0,0,0,0,0
1094730920294088705,2025-08-02 17:29:23.703392+00,2025-08-23 01:21:39.890143+00,,16757,Derek Carr,QB,"",0,"",0,0,0,0,0,0,0,0,0,0,0
1094730921550708737,2025-08-02 17:29:24.091182+00,2025-08-23 01:21:40.172155+00,,-16009,Packers D/ST,D/ST,"",0,"",0,0,0,0,0,0,0,0,0,0,0
1094730931545636865,2025-08-02 17:29:27.141998+00,2025-08-23 01:21:42.823777+00,,-16027,Buccaneers D/ST,D/ST,"",0,"",0,0,0,0,0,0,0,0,0,0,0
1094730932516388865,2025-08-02 17:29:27.437268+00,2025-08-23 01:21:43.08809+00,,4361432,Romeo Doubs,WR,"",0,"",0,0,0,0,0,0,0,0,0,0,0
1094730934276718593,2025-08-02 17:29:27.965684+00,2025-08-23 01:21:43.372351+00,,4360078,Alec Pierce,WR,"",0,"",0,0,0,0,0,0,0,0,0,0,0
1094730935646781441,2025-08-02 17:29:28.392395+00,2025-08-23 01:21:43.635042+00,,3886598,Jauan Jennings,WR,"",0,"",0,0,0,0,0,0,0,0,0,0,0
1094730964900151297,2025-08-02 17:29:37.319507+00,2025-08-23 01:21:50.102601+00,,4361411,Pat Freiermuth,TE,"",0,"",0,0,0,0,0,0,0,0,0,0,0
1094730987186552833,2025-08-02 17:29:44.120915+00,2025-08-23 01:21:56.143331+00,,3043116,Demarcus Robinson,WR,"",0,"",0,0,0,0,0,0,0,0,0,0,0
1094730988922372097,2025-08-02 17:29:44.65443+00,2025-08-23 01:21:56.623278+00,,3150744,Chase McLaughlin,K,"",0,"",0,0,0,0,0,0,0,0,0,0,0
1094731029167276033,2025-08-02 17:29:56.93141+00,2025-08-23 01:22:06.160353+00,,3046439,Hunter Henry,TE,"",0,"",0,0,0,0,0,0,0,0,0,0,0
1094731030166110209,2025-08-02 17:29:57.229065+00,2025-08-23 01:22:06.425037+00,,4429025,Quentin Johnston,WR,"",0,"",0,0,0,0,0,0,0,0,0,0,0
1094731041266728961,2025-08-02 17:30:00.628908+00,2025-08-23 01:22:09.291291+00,,4714365,Carson Steele,RB,"",0,"",0,0,0,0,0,0,0,0,0,0,0
1094731042244198401,2025-08-02 17:30:00.923549+00,2025-08-23 01:22:09.555922+00,,4038815,Rico Dowdle,RB,"",0,"",0,0,0,0,0,0,0,0,0,0,0
1094731043526213633,2025-08-02 17:30:01.314388+00,2025-08-23 01:22:09.823843+00,,4240021,Cam Akers,RB,"",0,"",0,0,0,0,0,0,0,0,0,0,0
1094731056750329857,2025-08-02 17:30:05.350662+00,2025-08-23 01:22:12.888281+00,,4258595,Cole Kmet,TE,"",0,"",0,0,0,0,0,0,0,0,0,0,0
1094731057794154497,2025-08-02 17:30:05.663616+00,2025-08-23 01:22:13.165873+00,,-16013,Raiders D/ST,D/ST,"",0,"",0,0,0,0,0,0,0,0,0,0,0
1094731070666833921,2025-08-02 17:30:09.597215+00,2025-08-23 01:22:15.811002+00,,4685247,Braelon Allen,RB,"",0,"",0,0,0,0,0,0,0,0,0,0,0
1094731071822856193,2025-08-02 17:30:09.92756+00,2025-08-23 01:22:16.078938+00,,-16016,Vikings D/ST,D/ST,"",0,"",0,0,0,0,0,0,0,0,0,0,0
1094731073095499777,2025-08-02 17:30:10.337852+00,2025-08-23 01:22:16.34306+00,,4569587,Wan'Dale Robinson,WR,"",0,"",0,0,0,0,0,0,0,0,0,0,0
1094731120946348033,2025-08-02 17:30:24.936563+00,2025-08-23 01:22:28.078599+00,,14012,Andy Dalton,QB,"",0,"",0,0,0,0,0,0,0,0,0,0,0
1094731125375205377,2025-08-02 17:30:26.294147+00,2025-08-23 01:22:29.060856+00,,3116164,Mike Gesicki,TE,"",0,"",0,0,0,0,0,0,0,0,0,0,0
1094731136321388545,2025-08-02 17:30:29.624015+00,2025-08-23 01:22:31.809746+00,,-16011,Colts D/ST,D/ST,"",0,"",0,0,0,0,0,0,0,0,0,0,0
1094731163203436545,2025-08-02 17:30:37.733983+00,2025-08-23 01:22:35.527356+00,,15835,Zach Ertz,TE,"",0,"",0,0,0,0,0,0,0,0,0,0,0
1094731175824785409,2025-08-02 17:30:41.687848+00,2025-08-23 01:22:38.440705+00,,11122,Matt Prater,K,"",0,"",0,0,0,0,0,0,0,0,0,0,0
1094731176917041153,2025-08-02 17:30:42.020201+00,2025-08-23 01:22:38.69719+00,,4368003,Andrei Iosivas,WR,"",0,"",0,0,0,0,0,0,0,0,0,0,0
1094731201778450433,2025-08-02 17:30:49.606822+00,2025-08-23 01:22:44.571115+00,,4572680,Tucker Kraft,TE,"",0,"",0,0,0,0,0,0,0,0,0,0,0
1094731202854944769,2025-08-02 17:30:49.937114+00,2025-08-23 01:22:44.836252+00,,4241401,Trey Sermon,RB,"",0,"",0,0,0,0,0,0,0,0,0,0,0
1094731204067065857,2025-08-02 17:30:50.307473+00,2025-08-23 01:22:45.129179+00,,3821683,Austin Seibert,K,"",0,"",0,0,0,0,0,0,0,0,0,0,0
1094731218435997697,2025-08-02 17:30:54.691853+00,2025-08-23 01:22:48.564308+00,,3059915,Kareem Hunt,RB,"",0,"",0,0,0,0,0,0,0,0,0,0,0
1094731231271288833,2025-08-02 17:30:58.611213+00,2025-08-23 01:22:51.638478+00,,-16028,Commanders D/ST,D/ST,"",0,"",0,0,0,0,0,0,0,0,0,0,0
1094731264711917569,2025-08-02 17:31:08.81491+00,2025-08-23 01:22:57.977084+00,,4360294,Antonio Gibson,RB,"",0,"",0,0,0,0,0,0,0,0,0,0,0
1094731276821561345,2025-08-02 17:31:12.508966+00,2025-08-23 01:23:01.061163+00,,11252,Joe Flacco,QB,"",0,"",0,0,0,0,0,0,0,0,0,0,0
1094731290485489665,2025-08-02 17:31:16.67959+00,2025-08-23 01:23:04.457094+00,,4428718,Tre Tucker,WR,"",0,"",0,0,0,0,0,0,0,0,0,0,0
1094731317760524289,2025-08-02 17:31:24.919925+00,2025-08-23 01:23:11.03486+00,,-16007,Broncos D/ST,D/ST,"",0,"",0,0,0,0,0,0,0,0,0,0,0
1094731354069270529,2025-08-02 17:31:36.085028+00,2025-08-23 01:23:20.019925+00,,17427,Cairo Santos,K,"",0,"",0,0,0,0,0,0,0,0,0,0,0
1094731386529054721,2025-08-02 17:31:45.988944+00,2025-08-23 01:23:29.660595+00,,4431452,Drake Maye,QB,"",0,"",0,0,0,0,0,0,0,0,0,0,0
1094731407942287361,2025-08-02 17:31:52.52606+00,2025-08-23 01:23:35.831158+00,,4360516,Tyrone Tracy Jr.,RB,"",0,"",0,0,0,0,0,0,0,0,0,0,0
1094731409035427841,2025-08-02 17:31:52.858383+00,2025-08-23 01:23:36.094975+00,,-16001,Falcons D/ST,D/ST,"",0,"",0,0,0,0,0,0,0,0,0,0,0
1094731429840683009,2025-08-02 17:31:59.207664+00,2025-08-23 01:23:42.139613+00,,2985659,Wil Lutz,K,"",0,"",0,0,0,0,0,0,0,0,0,0,0
1094731449737019393,2025-08-02 17:32:05.281258+00,2025-08-23 01:23:48.192764+00,,4688813,Josh Downs,WR,"",0,"",0,0,0,0,0,0,0,0,0,0,0
1094731451418378241,2025-08-02 17:32:05.79006+00,2025-08-23 01:23:48.639047+00,,4567104,Will Reichard,K,"",0,"",0,0,0,0,0,0,0,0,0,0,0
1094731462408339457,2025-08-02 17:32:09.145923+00,2025-08-23 01:23:51.645395+00,,3139602,D'Ernest Johnson,RB,"",0,"",0,0,0,0,0,0,0,0,0,0,0
1094731473550278657,2025-08-02 17:32:12.546489+00,2025-08-23 01:23:54.939785+00,,-16008,Lions D/ST,D/ST,"",0,"",0,0,0,0,0,0,0,0,0,0,0
1094731484920807425,2025-08-02 17:32:16.016313+00,2025-08-23 01:23:58.039771+00,,-16002,Bills D/ST,D/ST,"",0,"",0,0,0,0,0,0,0,0,0,0,0
1094731494338461697,2025-08-02 17:32:18.891011+00,2025-08-23 01:24:00.973359+00,,4429676,Tyler Goodson,RB,"",0,"",0,0,0,0,0,0,0,0,0,0,0
1094731495899856897,2025-08-02 17:32:19.371571+00,2025-08-23 01:24:01.423267+00,,4243331,Cade Otton,TE,"",0,"",0,0,0,0,0,0,0,0,0,0,0
1094731517468803073,2025-08-02 17:32:25.949685+00,2025-08-23 01:24:07.633532+00,,4242431,Ty Chandler,RB,"",0,"",0,0,0,0,0,0,0,0,0,0,0
1094731518809800705,2025-08-02 17:32:26.287156+00,2025-08-23 01:24:07.894192+00,,3120348,JuJu Smith-Schuster,WR,"",0,"",0,0,0,0,0,0,0,0,0,0,0
1094731528438513665,2025-08-02 17:32:29.297475+00,2025-08-23 01:24:10.903812+00,,4036133,T.J. Hockenson,TE,"",0,"",0,0,0,0,0,0,0,0,0,0,0
1094731563011112961,2025-08-02 17:32:39.849463+00,2025-08-23 01:24:20.483528+00,,4362478,Emari Demercado,RB,"",0,"",0,0,0,0,0,0,0,0,0,0,0
1094731575302455297,2025-08-02 17:32:43.599228+00,2025-08-23 01:24:23.355112+00,,-16012,Chiefs D/ST,D/ST,"",0,"",0,0,0,0,0,0,0,0,0,0,0
1094731607892754433,2025-08-02 17:32:53.544957+00,2025-08-23 01:24:33.071981+00,,14881,Russell Wilson,QB,"",0,"",0,0,0,0,0,0,0,0,0,0,0
1094731608975769601,2025-08-02 17:32:53.877567+00,2025-08-23 01:24:33.353109+00,,16002,Kyle Juszczyk,RB,"",0,"",0,0,0,0,0,0,0,0,0,0,0
1094731619618095105,2025-08-02 17:32:57.117521+00,2025-08-23 01:24:36.521426+00,,4369863,Cedric Tillman,WR,"",0,"",0,0,0,0,0,0,0,0,0,0,0
1094731641526976513,2025-08-02 17:33:03.810587+00,2025-08-23 01:24:42.986318+00,,4430834,Jalen McMillan,WR,"",0,"",0,0,0,0,0,0,0,0,0,0,0
1094731687716552705,2025-08-02 17:33:17.886089+00,2025-08-23 01:24:55.314496+00,,-16017,Patriots D/ST,D/ST,"",0,"",0,0,0,0,0,0,0,0,0,0,0
1094731697781964801,2025-08-02 17:33:20.976222+00,2025-08-23 01:24:58.584083+00,,2473037,Jason Myers,K,"",0,"",0,0,0,0,0,0,0,0,0,0,0
1094731724567183361,2025-08-02 17:33:29.1474+00,2025-08-23 01:25:07.859183+00,,2969939,Jameis Winston,QB,"",0,"",0,0,0,0,0,0,0,0,0,0,0
1094731735856480257,2025-08-02 17:33:32.585844+00,2025-08-23 01:25:10.955268+00,,-16010,Titans D/ST,D/ST,"",0,"",0,0,0,0,0,0,0,0,0,0,0
1094731784485011457,2025-08-02 17:33:47.435517+00,2025-08-23 01:25:23.872509+00,,-16019,Giants D/ST,D/ST,"",0,"",0,0,0,0,0,0,0,0,0,0,0
1094731810096152577,2025-08-02 17:33:55.251998+00,2025-08-23 01:25:32.833758+00,,4429501,Ray Davis,RB,"",0,"",0,0,0,0,0,0,0,0,0,0,0
1094731838111121409,2025-08-02 17:34:03.801661+00,2025-08-23 01:25:42.213256+00,,4426386,Roschon Johnson,RB,"",0,"",0,0,0,0,0,0,0,0,0,0,0
1094731856904519681,2025-08-02 17:34:09.532392+00,2025-08-23 01:25:48.373653+00,,4596334,Keaton Mitchell,RB,"",0,"",0,0,0,0,0,0,0,0,0,0,0
1094731865559629825,2025-08-02 17:34:12.178488+00,2025-08-23 01:25:51.522754+00,,4035886,Khalil Herbert,RB,"",0,"",0,0,0,0,0,0,0,0,0,0,0
1094731874125479937,2025-08-02 17:34:14.790677+00,2025-08-23 01:25:54.220098+00,,3054212,Jonnu Smith,TE,"",0,"",0,0,0,0,0,0,0,0,0,0,0
1094731875402317825,2025-08-02 17:34:15.177942+00,2025-08-23 01:25:54.667714+00,,4361418,Will Levis,QB,"",0,"",0,0,0,0,0,0,0,0,0,0,0
1094731876125835265,2025-08-02 17:34:15.40224+00,2025-08-23 01:25:54.937126+00,,3917232,Tyler Bass,K,"",0,"",0,0,0,0,0,0,0,0,0,0,0
1094731893469478913,2025-08-02 17:34:20.695181+00,2025-08-23 01:26:00.898704+00,,-16014,Rams D/ST,D/ST,"",0,"",0,0,0,0,0,0,0,0,0,0,0
1094731911863009281,2025-08-02 17:34:26.308601+00,2025-08-23 01:26:06.861172+00,,4569682,Audric Estime,RB,"",0,"",0,0,0,0,0,0,0,0,0,0,0
1094731912652226561,2025-08-02 17:34:26.550586+00,2025-08-23 01:26:07.12377+00,,3051909,Daniel Carlson,K,"",0,"",0,0,0,0,0,0,0,0,0,0,0
1094731921627807745,2025-08-02 17:34:29.28828+00,2025-08-23 01:26:10.354493+00,,4241464,Mac Jones,QB,"",0,"",0,0,0,0,0,0,0,0,0,0,0
1094731932119662593,2025-08-02 17:34:32.489964+00,2025-08-23 01:26:13.762111+00,,2468609,Taysom Hill,TE,"",0,"",0,0,0,0,0,0,0,0,0,0,0
1094731940442341377,2025-08-02 17:34:35.029898+00,2025-08-23 01:26:16.750491+00,,3930086,Dawson Knox,TE,"",0,"",0,0,0,0,0,0,0,0,0,0,0
1094731950498021377,2025-08-02 17:34:38.098294+00,2025-08-23 01:26:19.695572+00,,3124679,Jason Sanders,K,"",0,"",0,0,0,0,0,0,0,0,0,0,0
1094731989346844673,2025-08-02 17:34:49.945152+00,2025-08-23 01:26:31.700294+00,,4240391,Tommy DeVito,QB,"",0,"",0,0,0,0,0,0,0,0,0,0,0
1094731990172794881,2025-08-02 17:34:50.20496+00,2025-08-23 01:26:31.956274+00,,4038441,Justice Hill,RB,"",0,"",0,0,0,0,0,0,0,0,0,0,0
1094732026777567233,2025-08-02 17:35:01.377901+00,2025-08-23 01:26:43.97973+00,,-16022,Cardinals D/ST,D/ST,"",0,"",0,0,0,0,0,0,0,0,0,0,0
1094732027547353089,2025-08-02 17:35:01.611811+00,2025-08-23 01:26:44.242092+00,,3127292,Will Dissly,TE,"",0,"",0,0,0,0,0,0,0,0,0,0,0
1094732044486967297,2025-08-02 17:35:06.784684+00,2025-08-23 01:26:50.390669+00,,2972515,Cooper Rush,QB,"",0,"",0,0,0,0,0,0,0,0,0,0,0
1094732159348998145,2025-08-02 17:35:41.826507+00,2025-08-23 01:27:26.603817+00,,4372561,Isaac Guerendo,RB,"",0,"",0,0,0,0,0,0,0,0,0,0,0
1094732178520899585,2025-08-02 17:35:47.681873+00,2025-08-23 01:27:32.792898+00,,10621,Nick Folk,K,"",0,"",0,0,0,0,0,0,0,0,0,0,0
1094732215463280641,2025-08-02 17:35:58.959391+00,2025-08-23 01:27:45.076579+00,,3929785,Nick Westbrook-Ikhine,WR,"",0,"",0,0,0,0,0,0,0,0,0,0,0
1094732225949401089,2025-08-02 17:36:02.153782+00,2025-08-23 01:27:47.80618+00,,4260394,Aidan O'Connell,QB,"",0,"",0,0,0,0,0,0,0,0,0,0,0
1094732237186400257,2025-08-02 17:36:05.58533+00,2025-08-23 01:27:51.587244+00,,16460,Adam Thielen,WR,"",0,"",0,0,0,0,0,0,0,0,0,0,0
1094732246455910401,2025-08-02 17:36:08.412518+00,2025-08-23 01:27:54.809477+00,,4039358,Patrick Taylor Jr.,RB,"",0,"",0,0,0,0,0,0,0,0,0,0,0
1094732256854540289,2025-08-02 17:36:11.589331+00,2025-08-23 01:27:57.755432+00,,4239086,Desmond Ridder,QB,"",0,"",0,0,0,0,0,0,0,0,0,0,0
1094732330510778369,2025-08-02 17:36:34.067637+00,2025-08-23 01:28:22.837881+00,,4430539,Brenton Strange,TE,"",0,"",0,0,0,0,0,0,0,0,0,0,0
1094732356821975041,2025-08-02 17:36:42.097615+00,2025-08-23 01:28:32.190955+00,,4599739,Kendre Miller,RB,"",0,"",0,0,0,0,0,0,0,0,0,0,0
1094732429619429377,2025-08-02 17:37:04.311591+00,2025-08-23 01:28:53.746537+00,,4360635,Chig Okonkwo,TE,"",0,"",0,0,0,0,0,0,0,0,0,0,0
1094732431201468417,2025-08-02 17:37:04.797077+00,2025-08-23 01:28:54.218419+00,,2330,Tom Brady,QB,"",0,inactive,0,0,0,0,0,0,0,0,0,0,0
1094732440544280577,2025-08-02 17:37:07.615715+00,2025-08-23 01:28:57.267777+00,,16339,Brandon McManus,K,"",0,"",0,0,0,0,0,0,0,0,0,0,0
1094732464882089985,2025-08-02 17:37:15.055968+00,2025-08-23 01:29:03.674244+00,,3116407,Mason Rudolph,QB,"",0,"",0,0,0,0,0,0,0,0,0,0,0
1095010584003641345,2025-08-03 17:11:50.358305+00,2025-08-03 17:11:50.358305+00,,4597500,Adonai Mitchell,WR,"",0,"",0,0,0,0,0,0,0,0,0,0,0
1095010591878873089,2025-08-03 17:11:52.793518+00,2025-08-03 17:11:52.793518+00,,4249087,Matt Gay,K,"",0,"",0,0,0,0,0,0,0,0,0,0,0
1097637889392640001,2025-08-12 23:55:00.338205+00,2025-08-12 23:55:00.338205+00,,2576925,Darren Waller,TE,"",0,"",0,0,0,0,0,0,0,0,0,0,0
1097637891374317569,2025-08-12 23:55:00.978184+00,2025-08-12 23:55:00.978184+00,,4045163,Miles Sanders,RB,"",0,"",0,0,0,0,0,0,0,0,0,0,0
1097637893013471233,2025-08-12 23:55:01.48028+00,2025-08-12 23:55:01.48028+00,,4360238,Dameon Pierce,RB,"",0,"",0,0,0,0,0,0,0,0,0,0,0
1097637903802564609,2025-08-12 23:55:04.768396+00,2025-08-12 23:55:04.768396+00,,3116593,Dalvin Cook,RB,"",0,"",0,0,0,0,0,0,0,0,0,0,0
1097637904481681409,2025-08-12 23:55:04.978989+00,2025-08-12 23:55:04.978989+00,,16731,Brandin Cooks,WR,"",0,"",0,0,0,0,0,0,0,0,0,0,0
1097637906057330689,2025-08-12 23:55:05.459375+00,2025-08-12 23:55:05.459375+00,,4567156,Treylon Burks,WR,"",0,"",0,0,0,0,0,0,0,0,0,0,0
1097637907131400193,2025-08-12 23:55:05.788072+00,2025-08-12 23:55:05.788072+00,,4361409,Jahan Dotson,WR,"",0,"",0,0,0,0,0,0,0,0,0,0,0
1097637907924844545,2025-08-12 23:55:06.023295+00,2025-08-12 23:55:06.023295+00,,4239934,AJ Dillon,RB,"",0,"",0,0,0,0,0,0,0,0,0,0,0
1097637908606812161,2025-08-12 23:55:06.238218+00,2025-08-12 23:55:06.238218+00,,4240703,Kenny Pickett,QB,"",0,"",0,0,0,0,0,0,0,0,0,0,0
1097637910244786177,2025-08-12 23:55:06.738132+00,2025-08-12 23:55:06.738132+00,,2976316,Michael Thomas,WR,"",0,"",0,0,0,0,0,0,0,0,0,0,0
1097637912830410753,2025-08-12 23:55:07.527234+00,2025-08-12 23:55:07.527234+00,,4430191,Skyy Moore,WR,"",0,"",0,0,0,0,0,0,0,0,0,0,0
1097637914463338497,2025-08-12 23:55:08.025565+00,2025-08-12 23:55:08.025565+00,,4243537,Gabe Davis,WR,"",0,"",0,0,0,0,0,0,0,0,0,0,0
1097637915157823489,2025-08-12 23:55:08.237043+00,2025-08-12 23:55:08.237043+00,,16760,Jimmy Garoppolo,QB,"",0,"",0,0,0,0,0,0,0,0,0,0,0
1097637916720889857,2025-08-12 23:55:08.706436+00,2025-08-12 23:55:08.706436+00,,2980453,Jamaal Williams,RB,"",0,"",0,0,0,0,0,0,0,0,0,0,0
1097637919670304769,2025-08-12 23:55:09.61467+00,2025-08-12 23:55:09.61467+00,,16733,Odell Beckham Jr.,WR,"",0,"",0,0,0,0,0,0,0,0,0,0,0
1097637921222918145,2025-08-12 23:55:10.088734+00,2025-08-12 23:55:10.088734+00,,12460,Graham Gano,K,"",0,"",0,0,0,0,0,0,0,0,0,0,0
1097637922327691265,2025-08-12 23:55:10.424789+00,2025-08-12 23:55:10.424789+00,,2573401,Tyler Higbee,TE,"",0,"",0,0,0,0,0,0,0,0,0,0,0
1097637924308746241,2025-08-12 23:55:11.026731+00,2025-08-12 23:55:11.026731+00,,3116389,Samaje Perine,RB,"",0,"",0,0,0,0,0,0,0,0,0,0,0
1097637925134598145,2025-08-12 23:55:11.280374+00,2025-08-12 23:55:11.280374+00,,4372485,Rondale Moore,WR,"",0,"",0,0,0,0,0,0,0,0,0,0,0
1097637926285213697,2025-08-12 23:55:11.632777+00,2025-08-12 23:55:11.632777+00,,16782,Jerick McKinnon,RB,"",0,"",0,0,0,0,0,0,0,0,0,0,0
1097637927432060929,2025-08-12 23:55:11.983609+00,2025-08-12 23:55:11.983609+00,,4036348,Michael Gallup,WR,"",0,"",0,0,0,0,0,0,0,0,0,0,0
1097637928108294145,2025-08-12 23:55:12.189879+00,2025-08-12 23:55:12.189879+00,,3115394,DJ Chark Jr.,WR,"",0,"",0,0,0,0,0,0,0,0,0,0,0
1097637928860614657,2025-08-12 23:55:12.415081+00,2025-08-12 23:55:12.415081+00,,4372414,Elijah Moore,WR,"",0,"",0,0,0,0,0,0,0,0,0,0,0
1097637930010247169,2025-08-12 23:55:12.77131+00,2025-08-12 23:55:12.77131+00,,14876,Ryan Tannehill,QB,"",0,"",0,0,0,0,0,0,0,0,0,0,0
1097637935082438657,2025-08-12 23:55:14.318025+00,2025-08-12 23:55:14.318025+00,,16486,Brett Maher,K,"",0,"",0,0,0,0,0,0,0,0,0,0,0
1097637938615484417,2025-08-12 23:55:15.393302+00,2025-08-12 23:55:15.393302+00,,3045144,Tyler Boyd,WR,"",0,"",0,0,0,0,0,0,0,0,0,0,0
1097642801384882177,2025-08-13 00:19:59.237874+00,2025-08-13 00:19:59.237874+00,,3115364,Leonard Fournette,RB,"",0,"",0,0,0,0,0,0,0,0,0,0,0
1097642831369011201,2025-08-13 00:20:08.495634+00,2025-08-13 00:20:08.495634+00,,4383351,Trey Lance,QB,"",0,"",0,0,0,0,0,0,0,0,0,0,0
1097642834607177729,2025-08-13 00:20:09.475137+00,2025-08-13 00:20:09.475137+00,,16799,Allen Robinson II,WR,"",0,"",0,0,0,0,0,0,0,0,0,0,0
1097642842739113985,2025-08-13 00:20:11.966195+00,2025-08-13 00:20:11.966195+00,,4241555,Elijah Mitchell,RB,"",0,"",0,0,0,0,0,0,0,0,0,0,0
1097642843766587393,2025-08-13 00:20:12.274038+00,2025-08-13 00:20:12.274038+00,,4242214,Clyde Edwards-Helaire,RB,"",0,"",0,0,0,0,0,0,0,0,0,0,0
1097642848164839425,2025-08-13 00:20:13.616705+00,2025-08-13 00:20:13.616705+00,,3135321,Hunter Renfrow,WR,"",0,"",0,0,0,0,0,0,0,0,0,0,0
1097642850713174017,2025-08-13 00:20:14.400265+00,2025-08-13 00:20:14.400265+00,,4360939,Rashod Bateman,WR,"",0,"",0,0,0,0,0,0,0,0,0,0,0
1097642854339215361,2025-08-13 00:20:15.505817+00,2025-08-13 00:20:15.505817+00,,3119195,Chase Edmonds,RB,"",0,"",0,0,0,0,0,0,0,0,0,0,0
1097642860286607361,2025-08-13 00:20:17.30292+00,2025-08-13 00:20:17.30292+00,,3128390,Allen Lazard,WR,"",0,"",0,0,0,0,0,0,0,0,0,0,0
1097642863536668673,2025-08-13 00:20:18.313082+00,2025-08-13 00:20:18.313082+00,,3139925,Rashaad Penny,RB,"",0,"",0,0,0,0,0,0,0,0,0,0,0
1097642865247977473,2025-08-13 00:20:18.836032+00,2025-08-13 00:20:18.836032+00,,15880,Robert Woods,WR,"",0,"",0,0,0,0,0,0,0,0,0,0,0
1097642866272731137,2025-08-13 00:20:19.150328+00,2025-08-13 00:20:19.150328+00,,4240600,Kadarius Toney,WR,"",0,"",0,0,0,0,0,0,0,0,0,0,0
1097642867970408449,2025-08-13 00:20:19.666705+00,2025-08-13 00:20:19.666705+00,,4046692,Chase Claypool,WR,"",0,"",0,0,0,0,0,0,0,0,0,0,0
1097642869773598721,2025-08-13 00:20:20.216525+00,2025-08-13 00:20:20.216525+00,,11237,Matt Ryan,QB,"",0,inactive,0,0,0,0,0,0,0,0,0,0,0
1097642872217108481,2025-08-13 00:20:20.962511+00,2025-08-13 00:20:20.962511+00,,15807,Cordarrelle Patterson,RB,"",0,"",0,0,0,0,0,0,0,0,0,0,0
1097642873247662081,2025-08-13 00:20:21.267573+00,2025-08-13 00:20:21.267573+00,,2576434,Melvin Gordon III,RB,"",0,"",0,0,0,0,0,0,0,0,0,0,0
1097642875655487489,2025-08-13 00:20:22.010998+00,2025-08-13 00:20:22.010998+00,,3925347,Damien Harris,RB,"",0,"",0,0,0,0,0,0,0,0,0,0,0
1097642876655042561,2025-08-13 00:20:22.316222+00,2025-08-13 00:20:22.316222+00,,4240657,Michael Carter,RB,"",0,"",0,0,0,0,0,0,0,0,0,0,0
1097642878378180609,2025-08-13 00:20:22.842094+00,2025-08-13 00:20:22.842094+00,,2573079,Carson Wentz,QB,"",0,"",0,0,0,0,0,0,0,0,0,0,0
1097642884004020225,2025-08-13 00:20:24.559285+00,2025-08-13 00:20:24.559285+00,,4052042,James Robinson,RB,"",0,"",0,0,0,0,0,0,0,0,0,0,0
1097642889230319617,2025-08-13 00:20:26.150901+00,2025-08-13 00:20:26.150901+00,,3916430,Nyheim Hines,RB,"",0,"",0,0,0,0,0,0,0,0,0,0,0
1097642890316742657,2025-08-13 00:20:26.484911+00,2025-08-13 00:20:26.484911+00,,3115378,Russell Gage,WR,"",0,"",0,0,0,0,0,0,0,0,0,0,0
1097642896077324289,2025-08-13 00:20:28.24445+00,2025-08-13 00:20:28.24445+00,,3051738,Marquez Valdes-Scantling,WR,"",0,"",0,0,0,0,0,0,0,0,0,0,0
1097642905159925761,2025-08-13 00:20:31.016151+00,2025-08-13 00:20:31.016151+00,,3975763,Greg Joseph,K,"",0,"",0,0,0,0,0,0,0,0,0,0,0
1097644177580621825,2025-08-13 00:26:59.29845+00,2025-08-24 00:04:37.643688+00,,3919596,Chris Carson,RB,"",0,inactive,0,0,0,0,0,0,0,0,0,0,0
1097644181454127105,2025-08-13 00:27:00.507984+00,2025-08-13 00:27:00.507984+00,,4039359,Darrell Henderson Jr.,RB,"",0,"",0,0,0,0,0,0,0,0,0,0,0
1097644186462355457,2025-08-13 00:27:02.036367+00,2025-08-13 00:27:02.036367+00,,13982,Julio Jones,WR,"",0,"",0,0,0,0,0,0,0,0,0,0,0
1097644188609347585,2025-08-13 00:27:02.677922+00,2025-08-13 00:27:02.677922+00,,16813,Logan Thomas,TE,"",0,"",0,0,0,0,0,0,0,0,0,0,0
1097644190700568577,2025-08-13 00:27:03.329214+00,2025-08-13 00:27:03.329214+00,,2974858,Kenny Golladay,WR,"",0,inactive,0,0,0,0,0,0,0,0,0,0,0
1097644193878016001,2025-08-13 00:27:04.299131+00,2025-08-13 00:27:04.299131+00,,2975674,Robert Tonyan,TE,"",0,"",0,0,0,0,0,0,0,0,0,0,0
1097644195069198337,2025-08-13 00:27:04.657909+00,2025-08-13 00:27:04.657909+00,,2574808,Robby Anderson,WR,"",0,"",0,0,0,0,0,0,0,0,0,0,0
1097644195804151809,2025-08-13 00:27:04.887107+00,2025-08-13 00:27:04.887107+00,,4243160,Laviska Shenault Jr.,WR,"",0,"",0,0,0,0,0,0,0,0,0,0,0
1097644197431967745,2025-08-13 00:27:05.384188+00,2025-08-24 00:04:25.25003+00,,5536,Ben Roethlisberger,QB,"",0,inactive,0,0,0,0,0,0,0,0,0,0,0
1097644198589366273,2025-08-13 00:27:05.73735+00,2025-08-13 00:27:05.73735+00,,16790,Jarvis Landry,WR,"",0,inactive,0,0,0,0,0,0,0,0,0,0,0
1097644199309508609,2025-08-13 00:27:05.959053+00,2025-08-24 00:04:41.6183+00,,3052876,William Fuller V,WR,"",0,inactive,0,0,0,0,0,0,0,0,0,0,0
1097644203732008961,2025-08-13 00:27:07.306489+00,2025-08-13 00:27:07.306489+00,,3886818,Myles Gaskin,RB,"",0,"",0,0,0,0,0,0,0,0,0,0,0
1097644204492390401,2025-08-13 00:27:07.537959+00,2025-08-13 00:27:07.537959+00,,3025433,Mike Davis,RB,"",0,inactive,0,0,0,0,0,0,0,0,0,0,0
1097644207563636737,2025-08-13 00:27:08.475595+00,2025-08-13 00:27:08.475595+00,,4036131,Noah Fant,TE,"",0,"",0,0,0,0,0,0,0,0,0,0,0
1097644208329457665,2025-08-13 00:27:08.705723+00,2025-08-24 00:04:25.731502+00,,8664,Ryan Fitzpatrick,QB,"",0,inactive,0,0,0,0,0,0,0,0,0,0,0
1097644209885347841,2025-08-13 00:27:09.185171+00,2025-08-13 00:27:09.185171+00,,2979843,Kenyan Drake,RB,"",0,"",0,0,0,0,0,0,0,0,0,0,0
1097644211138887681,2025-08-13 00:27:09.567697+00,2025-08-13 00:27:09.567697+00,,3121427,Curtis Samuel,WR,"",0,"",0,0,0,0,0,0,0,0,0,0,0
1097644213234302977,2025-08-13 00:27:10.206034+00,2025-08-24 00:04:35.580848+00,,13934,Antonio Brown,WR,"",0,inactive,0,0,0,0,0,0,0,0,0,0,0
1097644215347609601,2025-08-13 00:27:10.85199+00,2025-08-13 00:27:10.85199+00,,3042778,Corey Davis,WR,"",0,inactive,0,0,0,0,0,0,0,0,0,0,0
1097644216497504257,2025-08-13 00:27:11.202144+00,2025-08-24 00:16:55.118992+00,,4241475,Henry Ruggs III,WR,"",0,inactive,0,0,0,0,0,0,0,0,0,0,0
1097644217735282689,2025-08-13 00:27:11.575623+00,2025-08-13 00:27:11.575623+00,,15072,Marvin Jones Jr.,WR,"",0,"",0,0,0,0,0,0,0,0,0,0,0
1097644220277030913,2025-08-13 00:27:12.3569+00,2025-08-13 00:27:12.3569+00,,15349,Cole Beasley,WR,"",0,inactive,0,0,0,0,0,0,0,0,0,0,0
1097644223993479169,2025-08-13 00:27:13.489537+00,2025-08-13 00:27:13.489537+00,,4241802,Jalen Reagor,WR,"",0,"",0,0,0,0,0,0,0,0,0,0,0
1097644225217298433,2025-08-13 00:27:13.86308+00,2025-08-13 00:27:13.86308+00,,12731,Ryan Succop,K,"",0,inactive,0,0,0,0,0,0,0,0,0,0,0
1097644228766466049,2025-08-13 00:27:14.94775+00,2025-08-13 00:27:14.94775+00,,14924,T.Y. Hilton,WR,"",0,inactive,0,0,0,0,0,0,0,0,0,0,0
1097644231864713217,2025-08-13 00:27:15.892012+00,2025-08-13 00:27:15.892012+00,,4361259,Zach Wilson,QB,"",0,"",0,0,0,0,0,0,0,0,0,0,0
1097644235385733121,2025-08-13 00:27:16.966663+00,2025-08-13 00:27:16.966663+00,,3052117,Phillip Lindsay,RB,"",0,inactive,0,0,0,0,0,0,0,0,0,0,0
1097644236664799233,2025-08-13 00:27:17.357233+00,2025-08-13 00:27:17.357233+00,,2508176,David Johnson,RB,"",0,inactive,0,0,0,0,0,0,0,0,0,0,0
1097644239447654401,2025-08-13 00:27:18.206132+00,2025-08-24 00:04:39.873042+00,,13229,Rob Gronkowski,TE,"",0,inactive,0,0,0,0,0,0,0,0,0,0,0
1097644240656007169,2025-08-13 00:27:18.575008+00,2025-08-13 00:27:18.575008+00,,4035004,Mecole Hardman,WR,"",0,"",0,0,0,0,0,0,0,0,0,0,0
1097644972163006465,2025-08-13 00:31:01.776487+00,2025-08-24 00:09:51.354502+00,,13994,Cam Newton,QB,"",0,inactive,0,0,0,0,0,0,0,0,0,0,0
1097644990611849217,2025-08-13 00:31:07.434703+00,2025-08-24 00:16:28.514647+00,,2580,Drew Brees,QB,"",0,inactive,0,0,0,0,0,0,0,0,0,0,0
1097644991633326081,2025-08-13 00:31:07.745033+00,2025-08-24 00:16:38.584729+00,,2977644,Todd Gurley II,RB,"",0,inactive,0,0,0,0,0,0,0,0,0,0,0
1097644997085626369,2025-08-13 00:31:09.411344+00,2025-08-24 00:16:38.8974+00,,15825,Le'Veon Bell,RB,"",0,inactive,0,0,0,0,0,0,0,0,0,0,0
1097645000390508545,2025-08-13 00:31:10.421197+00,2025-08-13 00:31:10.421197+00,,13981,Mark Ingram II,RB,"",0,inactive,0,0,0,0,0,0,0,0,0,0,0
1097645007358197761,2025-08-13 00:31:12.55056+00,2025-08-24 00:30:09.645193+00,,9761,Delanie Walker,TE,"",0,inactive,0,0,0,0,0,0,0,0,0,0,0
1097645008092495873,2025-08-13 00:31:12.76946+00,2025-08-24 00:17:01.157786+00,,12649,Julian Edelman,WR,"",0,inactive,0,0,0,0,0,0,0,0,0,0,0
1097645015086923777,2025-08-13 00:31:14.9047+00,2025-08-13 00:31:14.9047+00,,13983,A.J. Green,WR,"",0,inactive,0,0,0,0,0,0,0,0,0,0,0
1097645017849135105,2025-08-13 00:31:15.74919+00,2025-08-24 00:05:01.150498+00,,16913,James White,RB,"",0,inactive,0,0,0,0,0,0,0,0,0,0,0
1097645023505350657,2025-08-13 00:31:17.473377+00,2025-08-13 00:31:17.473377+00,,2576623,DeVante Parker,WR,"",0,"",0,0,0,0,0,0,0,0,0,0,0
1097645026270216193,2025-08-13 00:31:18.317747+00,2025-08-13 00:31:18.317747+00,,3043275,Austin Hooper,TE,"",0,"",0,0,0,0,0,0,0,0,0,0,0
1097645027010510849,2025-08-13 00:31:18.542947+00,2025-08-13 00:31:18.542947+00,,16804,John Brown,WR,"",0,inactive,0,0,0,0,0,0,0,0,0,0,0
1097645029895602177,2025-08-13 00:31:19.423658+00,2025-08-13 00:31:19.423658+00,,3924327,Drew Lock,QB,"",0,"",0,0,0,0,0,0,0,0,0,0,0
1097645032369258497,2025-08-13 00:31:20.179253+00,2025-08-13 00:31:20.179253+00,,3049916,Matt Breida,RB,"",0,"",0,0,0,0,0,0,0,0,0,0,0
1097645036576374785,2025-08-13 00:31:21.462021+00,2025-08-24 00:16:40.881374+00,,3066158,Tarik Cohen,RB,"",0,inactive,0,0,0,0,0,0,0,0,0,0,0
1097645037429522433,2025-08-13 00:31:21.723678+00,2025-08-13 00:31:21.723678+00,,3128721,Sony Michel,RB,"",0,inactive,0,0,0,0,0,0,0,0,0,0,0
1097645041130962945,2025-08-13 00:31:22.852117+00,2025-08-13 00:31:22.852117+00,,3124084,Joey Slye,K,"",0,"",0,0,0,0,0,0,0,0,0,0,0
1097645044962689025,2025-08-13 00:31:24.021324+00,2025-08-24 00:18:52.269798+00,,16732,Eric Ebron,TE,"",0,inactive,0,0,0,0,0,0,0,0,0,0,0
1097645047422222337,2025-08-13 00:31:24.771855+00,2025-08-24 00:16:49.002718+00,,5529,Philip Rivers,QB,"",0,inactive,0,0,0,0,0,0,0,0,0,0,0
1097645049010585601,2025-08-13 00:31:25.254103+00,2025-08-13 00:31:25.254103+00,,9354,Robbie Gould,K,"",0,inactive,0,0,0,0,0,0,0,0,0,0,0
1097645050468401153,2025-08-13 00:31:25.700753+00,2025-08-13 00:31:25.700753+00,,13232,Jimmy Graham,TE,"",0,"",0,0,0,0,0,0,0,0,0,0,0
1097645051958788097,2025-08-13 00:31:26.15527+00,2025-08-13 00:31:26.15527+00,,2576716,Jamison Crowder,WR,"",0,"",0,0,0,0,0,0,0,0,0,0,0
1097645053929881601,2025-08-13 00:31:26.757771+00,2025-08-13 00:31:26.757771+00,,2976592,Sterling Shepard,WR,"",0,"",0,0,0,0,0,0,0,0,0,0,0
1097645066265755649,2025-08-13 00:31:30.521653+00,2025-08-24 00:17:03.080795+00,,3916925,Kerryon Johnson,RB,"",0,inactive,0,0,0,0,0,0,0,0,0,0,0
1097645071809445889,2025-08-13 00:31:32.209043+00,2025-08-13 00:31:32.209043+00,,2979477,Tevin Coleman,RB,"",0,inactive,0,0,0,0,0,0,0,0,0,0,0
1097645075059113985,2025-08-13 00:31:33.206797+00,2025-08-24 00:30:27.18498+00,,2977609,Devin Funchess,WR,"",0,inactive,0,0,0,0,0,0,0,0,0,0,0
1097645077103902721,2025-08-13 00:31:33.830612+00,2025-08-13 00:31:33.830612+00,,16728,Teddy Bridgewater,QB,"",0,"",0,0,0,0,0,0,0,0,0,0,0
1097645078932520961,2025-08-13 00:31:34.383097+00,2025-08-13 00:31:34.383097+00,,15971,Rex Burkhead,RB,"",0,inactive,0,0,0,0,0,0,0,0,0,0,0
1097645080246452225,2025-08-13 00:31:34.783339+00,2025-08-13 00:31:34.783339+00,,3051439,Boston Scott,RB,"",0,"",0,0,0,0,0,0,0,0,0,0,0
1097645081256525825,2025-08-13 00:31:35.09727+00,2025-08-13 00:31:35.09727+00,,14163,Tyrod Taylor,QB,"",0,"",0,0,0,0,0,0,0,0,0,0,0
1097645082300874753,2025-08-13 00:31:35.41958+00,2025-08-13 00:31:35.41958+00,,15705,Josh Gordon,WR,"",0,inactive,0,0,0,0,0,0,0,0,0,0,0
1097645084100263937,2025-08-13 00:31:35.95953+00,2025-08-24 00:30:36.608106+00,,5528,Larry Fitzgerald,WR,"",0,inactive,0,0,0,0,0,0,0,0,0,0,0
1097645086130143233,2025-08-13 00:31:36.583072+00,2025-08-24 00:16:30.50442+00,,4038994,Sam Sloman,K,"",0,inactive,0,0,0,0,0,0,0,0,0,0,0
1097645088656850945,2025-08-13 00:31:37.356542+00,2025-08-13 00:31:37.356542+00,,2972460,Breshad Perriman,WR,"",0,inactive,0,0,0,0,0,0,0,0,0,0,0
1097645089672724481,2025-08-13 00:31:37.660575+00,2025-08-13 00:31:37.660575+00,,3917612,Ke'Shawn Vaughn,RB,"",0,"",0,0,0,0,0,0,0,0,0,0,0
1097645090630664193,2025-08-13 00:31:37.957059+00,2025-08-13 00:31:37.957059+00,,4035403,Denzel Mims,WR,"",0,inactive,0,0,0,0,0,0,0,0,0,0,0
1097646146397011969,2025-08-13 00:37:00.114701+00,2025-08-24 00:18:30.055074+00,,9704,Stephen Gostkowski,K,"",0,inactive,0,0,0,0,0,0,0,0,0,0,0
1097646152672739329,2025-08-13 00:37:02.067802+00,2025-08-24 00:10:07.256351+00,,16944,Devonta Freeman,RB,"",0,inactive,0,0,0,0,0,0,0,0,0,0,0
1097646163213123585,2025-08-13 00:37:05.278554+00,2025-08-13 00:37:05.278554+00,,3139605,Marlon Mack,RB,"",0,inactive,0,0,0,0,0,0,0,0,0,0,0
1097646167316955137,2025-08-13 00:37:06.53646+00,2025-08-13 00:37:06.53646+00,,17359,Damien Williams,RB,"",0,"",0,0,0,0,0,0,0,0,0,0,0
1097646168023007233,2025-08-13 00:37:06.75261+00,2025-08-24 00:30:39.655232+00,,14912,Alshon Jeffery,WR,"",0,inactive,0,0,0,0,0,0,0,0,0,0,0
1097646170457735169,2025-08-13 00:37:07.493132+00,2025-08-13 00:37:07.493132+00,,2969962,Duke Johnson,RB,"",0,inactive,0,0,0,0,0,0,0,0,0,0,0
1097646172479913985,2025-08-13 00:37:08.116097+00,2025-08-13 00:37:08.116097+00,,3043080,O.J. Howard,TE,"",0,inactive,0,0,0,0,0,0,0,0,0,0,0
1097646177779253249,2025-08-13 00:37:09.730639+00,2025-08-24 00:30:18.638078+00,,3843750,Derrius Guice,RB,"",0,inactive,0,0,0,0,0,0,0,0,0,0,0
1097646181768921089,2025-08-13 00:37:10.939983+00,2025-08-24 00:06:33.885575+00,,12537,Jared Cook,TE,"",0,inactive,0,0,0,0,0,0,0,0,0,0,0
1097646186006511617,2025-08-13 00:37:12.231765+00,2025-08-13 00:37:12.231765+00,,3060022,Jordan Howard,RB,"",0,inactive,0,0,0,0,0,0,0,0,0,0,0
1097646186741923841,2025-08-13 00:37:12.466133+00,2025-08-24 00:30:32.91511+00,,15853,Vance McDonald,TE,"",0,inactive,0,0,0,0,0,0,0,0,0,0,0
1097646191108259841,2025-08-13 00:37:13.798041+00,2025-08-13 00:37:13.798041+00,,16725,Sammy Watkins,WR,"",0,inactive,0,0,0,0,0,0,0,0,0,0,0
1097646192272441345,2025-08-13 00:37:14.145372+00,2025-08-24 00:30:22.449961+00,,12514,LeSean McCoy,RB,"",0,inactive,0,0,0,0,0,0,0,0,0,0,0
1097646193827053569,2025-08-13 00:37:14.615223+00,2025-08-24 00:30:40.53419+00,,16791,Donte Moncrief,WR,"",0,inactive,0,0,0,0,0,0,0,0,0,0,0
1097646194503843841,2025-08-13 00:37:14.834314+00,2025-08-13 00:37:14.834314+00,,15920,Latavius Murray,RB,"",0,"",0,0,0,0,0,0,0,0,0,0,0
1097646195204194305,2025-08-13 00:37:15.048648+00,2025-08-13 00:37:15.048648+00,,4212909,David Moore,WR,"",0,"",0,0,0,0,0,0,0,0,0,0,0
1097646196386136065,2025-08-13 00:37:15.405544+00,2025-08-24 00:30:29.472823+00,,3892889,Dede Westbrook,WR,"",0,inactive,0,0,0,0,0,0,0,0,0,0,0
1097646198220324865,2025-08-13 00:37:15.958903+00,2025-08-13 00:37:15.958903+00,,3122672,Royce Freeman,RB,"",0,"",0,0,0,0,0,0,0,0,0,0,0
1097646198943383553,2025-08-13 00:37:16.185532+00,2025-08-13 00:37:16.185532+00,,3127306,Dante Pettis,WR,"",0,"",0,0,0,0,0,0,0,0,0,0,0
1097646200460410881,2025-08-13 00:37:16.639996+00,2025-08-24 00:06:12.298742+00,,13295,Emmanuel Sanders,WR,"",0,inactive,0,0,0,0,0,0,0,0,0,0,0
1097646202967883777,2025-08-13 00:37:17.41839+00,2025-08-24 00:30:36.879935+00,,1097,Adam Vinatieri,K,"",0,inactive,0,0,0,0,0,0,0,0,0,0,0
1097646204091039745,2025-08-13 00:37:17.75625+00,2025-08-24 00:30:08.146194+00,,3115913,Geronimo Allison,WR,"",0,inactive,0,0,0,0,0,0,0,0,0,0,0
1097646207353618433,2025-08-13 00:37:18.751071+00,2025-08-24 00:08:55.457336+00,,10452,Adrian Peterson,RB,"",0,inactive,0,0,0,0,0,0,0,0,0,0,0
1097646208044793857,2025-08-13 00:37:18.966589+00,2025-08-13 00:37:18.966589+00,,3039707,Mitchell Trubisky,QB,"",0,"",0,0,0,0,0,0,0,0,0,0,0
1097646209648164865,2025-08-13 00:37:19.453488+00,2025-08-13 00:37:19.453488+00,,14054,Kyle Rudolph,TE,"",0,inactive,0,0,0,0,0,0,0,0,0,0,0
1097646212102815745,2025-08-13 00:37:20.204452+00,2025-08-13 00:37:20.204452+00,,11283,DeSean Jackson,WR,"",0,inactive,0,0,0,0,0,0,0,0,0,0,0
1097646212837539841,2025-08-13 00:37:20.42967+00,2025-08-24 00:30:30.162006+00,,2587819,Tyrell Williams,WR,"",0,inactive,0,0,0,0,0,0,0,0,0,0,0
1097646215296909313,2025-08-13 00:37:21.180412+00,2025-08-24 00:22:14.277843+00,,16777,Carlos Hyde,RB,"",0,inactive,0,0,0,0,0,0,0,0,0,0,0
1097646216402534401,2025-08-13 00:37:21.517093+00,2025-08-13 00:37:21.517093+00,,3122449,James Washington,WR,"",0,inactive,0,0,0,0,0,0,0,0,0,0,0
1097646218069278721,2025-08-13 00:37:22.025482+00,2025-08-13 00:37:22.025482+00,,16974,Trey Burton,"","",0,inactive,0,0,0,0,0,0,0,0,0,0,0
1097646219111006209,2025-08-13 00:37:22.253907+00,2025-08-24 00:30:08.841788+00,,10475,Greg Olsen,TE,"",0,inactive,0,0,0,0,0,0,0,0,0,0,0
1097646220422709249,2025-08-13 00:37:22.735288+00,2025-08-13 00:37:22.735288+00,,14053,Randall Cobb,WR,"",0,"",0,0,0,0,0,0,0,0,0,0,0
1097646221675855873,2025-08-13 00:37:23.11614+00,2025-08-13 00:37:23.11614+00,,3052177,John Ross III,WR,"",0,"",0,0,0,0,0,0,0,0,0,0,0
1097646222413037569,2025-08-13 00:37:23.348918+00,2025-08-24 00:30:16.086426+00,,13217,Golden Tate,WR,"",0,inactive,0,0,0,0,0,0,0,0,0,0,0
1097646224486858753,2025-08-13 00:37:23.980507+00,2025-08-24 00:18:13.364223+00,,14198,Dion Lewis,RB,"",0,inactive,0,0,0,0,0,0,0,0,0,0,0
1097646225342758913,2025-08-13 00:37:24.240485+00,2025-08-13 00:37:24.240485+00,,4047839,N'Keal Harry,TE,"",0,"",0,0,0,0,0,0,0,0,0,0,0
1097646226492620801,2025-08-13 00:37:24.596514+00,2025-08-24 00:30:04.749008+00,,16016,Kenny Stills,WR,"",0,inactive,0,0,0,0,0,0,0,0,0,0,0
1097646227154239489,2025-08-13 00:37:24.798025+00,2025-08-13 00:37:24.798025+00,,2576980,Marcus Mariota,QB,"",0,"",0,0,0,0,0,0,0,0,0,0,0
1097646227933888513,2025-08-13 00:37:25.032614+00,2025-08-13 00:37:25.032614+00,,15245,Giorgio Tavecchio,"","",0,inactive,0,0,0,0,0,0,0,0,0,0,0
1097646228632174593,2025-08-13 00:37:25.248352+00,2025-08-13 00:37:25.248352+00,,14877,Nick Foles,QB,"",0,inactive,0,0,0,0,0,0,0,0,0,0,0
1097646230620176385,2025-08-13 00:37:25.839299+00,2025-08-24 00:30:41.706848+00,,3116721,Jaylen Samuels,RB,"",0,inactive,0,0,0,0,0,0,0,0,0,0,0
1097646231373447169,2025-08-13 00:37:26.082677+00,2025-08-24 00:30:12.973382+00,,3123969,Ito Smith,RB,"",0,inactive,0,0,0,0,0,0,0,0,0,0,0
1097646232086904833,2025-08-13 00:37:26.303758+00,2025-08-24 00:30:37.776741+00,,14922,Mohamed Sanu Sr.,WR,"",0,inactive,0,0,0,0,0,0,0,0,0,0,0
1097646233221398529,2025-08-13 00:37:26.649356+00,2025-08-24 00:30:09.142849+00,,3051902,Peyton Barber,RB,"",0,inactive,0,0,0,0,0,0,0,0,0,0,0
1097646234341474305,2025-08-13 00:37:26.991063+00,2025-08-13 00:37:26.991063+00,,10636,Mason Crosby,K,"",0,"",0,0,0,0,0,0,0,0,0,0,0
1097646235969519617,2025-08-13 00:37:27.488824+00,2025-08-24 00:30:38.129864+00,,11674,Danny Amendola,WR,"",0,inactive,0,0,0,0,0,0,0,0,0,0,0
1097646236730392577,2025-08-13 00:37:27.716299+00,2025-08-13 00:37:27.716299+00,,2971618,Nelson Agholor,WR,"",0,"",0,0,0,0,0,0,0,0,0,0,0
1097646237882089473,2025-08-13 00:37:28.06846+00,2025-08-13 00:37:28.06846+00,,14886,Lamar Miller,"","",0,inactive,0,0,0,0,0,0,0,0,0,0,0
1097646238572675073,2025-08-13 00:37:28.282744+00,2025-08-24 00:30:34.42566+00,,3042429,Wendell Smallwood,RB,"",0,inactive,0,0,0,0,0,0,0,0,0,0,0
1097646239319621633,2025-08-13 00:37:28.506333+00,2025-08-13 00:37:28.506333+00,,3042910,Rashard Higgins,WR,"",0,inactive,0,0,0,0,0,0,0,0,0,0,0
1097646240071122945,2025-08-13 00:37:28.737379+00,2025-08-13 00:37:28.737379+00,,3915823,Keke Coutee,WR,"",0,inactive,0,0,0,0,0,0,0,0,0,0,0
1097646241232551937,2025-08-13 00:37:29.094323+00,2025-08-24 00:30:05.081029+00,,10453,Ted Ginn Jr.,WR,"",0,inactive,0,0,0,0,0,0,0,0,0,0,0
1097646241963278337,2025-08-13 00:37:29.312718+00,2025-08-13 00:37:29.312718+00,,2576336,Ameer Abdullah,RB,"",0,"",0,0,0,0,0,0,0,0,0,0,0
1097646242728607745,2025-08-13 00:37:29.550528+00,2025-08-24 00:30:27.487044+00,,4035015,Riley Ridley,WR,"",0,inactive,0,0,0,0,0,0,0,0,0,0,0
1097646243860512769,2025-08-13 00:37:29.89659+00,2025-08-13 00:37:29.89659+00,,15826,Giovani Bernard,RB,"",0,inactive,0,0,0,0,0,0,0,0,0,0,0
1097646245231099905,2025-08-13 00:37:30.30918+00,2025-08-24 00:30:16.573066+00,,16040,C.J. Anderson,RB,"",0,inactive,0,0,0,0,0,0,0,0,0,0,0
1097646246084182017,2025-08-13 00:37:30.573699+00,2025-08-13 00:37:30.573699+00,,2577134,Ty Montgomery,RB,"",0,"",0,0,0,0,0,0,0,0,0,0,0
1097646246969278465,2025-08-13 00:37:30.845804+00,2025-08-13 00:37:30.845804+00,,16899,Quincy Enunwa,"","",0,inactive,0,0,0,0,0,0,0,0,0,0,0
1097646247655538689,2025-08-13 00:37:31.054681+00,2025-08-24 00:30:38.414966+00,,14129,Bilal Powell,RB,"",0,inactive,0,0,0,0,0,0,0,0,0,0,0
1097646248376434689,2025-08-13 00:37:31.270548+00,2025-08-13 00:37:31.270548+00,,17051,Albert Wilson,"","",0,inactive,0,0,0,0,0,0,0,0,0,0,0
1097646249524494337,2025-08-13 00:37:31.619818+00,2025-08-24 00:21:35.33594+00,,3128774,Kalen Ballage,RB,"",0,inactive,0,0,0,0,0,0,0,0,0,0,0
1097646931638026241,2025-08-13 00:40:59.659766+00,2025-08-13 00:40:59.659766+00,,13216,Demaryius Thomas,"","",0,inactive,0,0,0,0,0,0,0,0,0,0,0
1097646933559541761,2025-08-13 00:41:00.374589+00,2025-08-24 00:06:33.622612+00,,3046409,Alex Collins,RB,"",0,inactive,0,0,0,0,0,0,0,0,0,0,0
1097646936770904065,2025-08-13 00:41:01.352222+00,2025-08-13 00:41:01.352222+00,,14221,Doug Baldwin,"","",0,inactive,0,0,0,0,0,0,0,0,0,0,0
1097646940450553857,2025-08-13 00:41:02.478156+00,2025-08-13 00:41:02.478156+00,,14402,Chris Hogan,"","",0,inactive,0,0,0,0,0,0,0,0,0,0,0
1097646942250172417,2025-08-13 00:41:03.026592+00,2025-08-13 00:41:03.026592+00,,2573300,Jay Ajayi,"","",0,inactive,0,0,0,0,0,0,0,0,0,0,0
1097646942985912321,2025-08-13 00:41:03.248244+00,2025-08-13 00:41:03.248244+00,,10456,Marshawn Lynch,"","",0,inactive,0,0,0,0,0,0,0,0,0,0,0
1097646944870694913,2025-08-13 00:41:03.826958+00,2025-08-13 00:41:03.826958+00,,12563,Michael Crabtree,"","",0,inactive,0,0,0,0,0,0,0,0,0,0,0
1097646948351606785,2025-08-13 00:41:04.887322+00,2025-08-13 00:41:04.887322+00,,14874,Andrew Luck,"","",0,inactive,0,0,0,0,0,0,0,0,0,0,0
1097646954539319297,2025-08-13 00:41:06.777663+00,2025-08-24 00:16:33.934124+00,,15966,Chris Thompson,RB,"",0,inactive,0,0,0,0,0,0,0,0,0,0,0
1097646956821348353,2025-08-13 00:41:07.473516+00,2025-08-13 00:41:07.473516+00,,15839,Marquise Goodwin,WR,"",0,"",0,0,0,0,0,0,0,0,0,0,0
1097646958353317889,2025-08-13 00:41:07.937509+00,2025-08-13 00:41:07.937509+00,,11439,Pierre Garcon,"","",0,inactive,0,0,0,0,0,0,0,0,0,0,0
1097646961532764161,2025-08-13 00:41:08.911712+00,2025-08-24 00:21:22.217086+00,,15860,Jordan Reed,TE,"",0,inactive,0,0,0,0,0,0,0,0,0,0,0
1097646963979354113,2025-08-13 00:41:09.658286+00,2025-08-13 00:41:09.658286+00,,16730,Kelvin Benjamin,"","",0,inactive,0,0,0,0,0,0,0,0,0,0,0
1097646966975332353,2025-08-13 00:41:10.572598+00,2025-08-13 00:41:10.572598+00,,17133,Isaiah Crowell,"","",0,inactive,0,0,0,0,0,0,0,0,0,0,0
1097646968080564225,2025-08-13 00:41:10.909534+00,2025-08-13 00:41:10.909534+00,,2576019,Josh Doctson,"","",0,inactive,0,0,0,0,0,0,0,0,0,0,0
1097646969877954561,2025-08-13 00:41:11.457948+00,2025-08-13 00:41:11.457948+00,,11270,Jordy Nelson,"","",0,inactive,0,0,0,0,0,0,0,0,0,0,0
1097646974685347841,2025-08-13 00:41:12.925478+00,2025-08-24 00:31:24.110781+00,,16504,Jack Doyle,TE,"",0,inactive,0,0,0,0,0,0,0,0,0,0,0
1097646979016523777,2025-08-13 00:41:14.243583+00,2025-08-13 00:41:14.243583+00,,17177,Allen Hurns,"","",0,inactive,0,0,0,0,0,0,0,0,0,0,0
1097646981465473025,2025-08-13 00:41:14.994082+00,2025-08-24 00:32:45.827931+00,,16781,Paul Richardson,WR,"",0,inactive,0,0,0,0,0,0,0,0,0,0,0
1097646982171394049,2025-08-13 00:41:15.210036+00,2025-08-13 00:41:15.210036+00,,3071572,Keelan Cole,WR,"",0,inactive,0,0,0,0,0,0,0,0,0,0,0
1097646985608790017,2025-08-13 00:41:16.259309+00,2025-08-13 00:41:16.259309+00,,3912550,Ronald Jones,RB,"",0,inactive,0,0,0,0,0,0,0,0,0,0,0
1097646986334371841,2025-08-13 00:41:16.48052+00,2025-08-24 00:30:20.575852+00,,15788,Tyler Eifert,TE,"",0,inactive,0,0,0,0,0,0,0,0,0,0,0
1097646987469684737,2025-08-13 00:41:16.826925+00,2025-08-13 00:41:16.826925+00,,15102,Rishard Matthews,"","",0,inactive,0,0,0,0,0,0,0,0,0,0,0
1097646989114114049,2025-08-13 00:41:17.327833+00,2025-08-13 00:41:17.327833+00,,17258,Willie Snead IV,WR,"",0,"",0,0,0,0,0,0,0,0,0,0,0
1097646990266531841,2025-08-13 00:41:17.680196+00,2025-08-13 00:41:17.680196+00,,15994,Theo Riddick,"","",0,inactive,0,0,0,0,0,0,0,0,0,0,0
1097646994176376833,2025-08-13 00:41:18.851978+00,2025-08-24 00:21:28.816205+00,,8416,Alex Smith,QB,"",0,inactive,0,0,0,0,0,0,0,0,0,0,0
1097646996211269633,2025-08-13 00:41:19.49436+00,2025-08-13 00:41:19.49436+00,,3051891,Jordan Wilkins,RB,"",0,inactive,0,0,0,0,0,0,0,0,0,0,0
1097646997378105345,2025-08-13 00:41:19.847257+00,2025-08-13 00:41:19.847257+00,,2520698,Cameron Meredith,"","",0,inactive,0,0,0,0,0,0,0,0,0,0,0
1097647000332075009,2025-08-13 00:41:20.751731+00,2025-08-13 00:41:20.751731+00,,3050487,Anthony Miller,WR,"",0,"",0,0,0,0,0,0,0,0,0,0,0
1097647001972047873,2025-08-13 00:41:21.248552+00,2025-08-13 00:41:21.248552+00,,3045260,Corey Clement,RB,"",0,"",0,0,0,0,0,0,0,0,0,0,0
1097647003286306817,2025-08-13 00:41:21.650713+00,2025-08-24 00:07:24.126231+00,,3122866,Devontae Booker,RB,"",0,inactive,0,0,0,0,0,0,0,0,0,0,0
1097647004987195393,2025-08-13 00:41:22.172703+00,2025-08-13 00:41:22.172703+00,,16803,Jeremy Hill,"","",0,inactive,0,0,0,0,0,0,0,0,0,0,0
1097647005766811649,2025-08-13 00:41:22.409211+00,2025-08-13 00:41:22.409211+00,,14145,Charles Clay,"","",0,inactive,0,0,0,0,0,0,0,0,0,0,0
1097647006620286977,2025-08-13 00:41:22.640698+00,2025-08-13 00:41:22.640698+00,,5557,Benjamin Watson,"","",0,inactive,0,0,0,0,0,0,0,0,0,0,0
1097647009353793537,2025-08-13 00:41:23.504001+00,2025-08-13 00:41:23.504001+00,,-16029,Panthers D/ST,D/ST,"",0,"",0,0,0,0,0,0,0,0,0,0,0
1097647010089533441,2025-08-13 00:41:23.720457+00,2025-08-13 00:41:23.720457+00,,12601,Mike Wallace,"","",0,inactive,0,0,0,0,0,0,0,0,0,0,0
1097647010930360321,2025-08-13 00:41:23.982544+00,2025-08-13 00:41:23.982544+00,,10447,Calvin Johnson,"","",0,inactive,0,0,0,0,0,0,0,0,0,0,0
1097647011760865281,2025-08-13 00:41:24.240227+00,2025-08-24 00:31:17.358229+00,,4333,Matt Bryant,K,"",0,inactive,0,0,0,0,0,0,0,0,0,0,0
1097647015830126593,2025-08-13 00:41:25.482048+00,2025-08-13 00:41:25.482048+00,,14885,Doug Martin,"","",0,inactive,0,0,0,0,0,0,0,0,0,0,0
1097647016553644033,2025-08-13 00:41:25.699697+00,2025-08-13 00:41:25.699697+00,,2577253,Javorius Allen,"","",0,inactive,0,0,0,0,0,0,0,0,0,0,0
1097647019942739969,2025-08-13 00:41:26.723445+00,2025-08-13 00:41:26.723445+00,,15009,Alfred Morris,"","",0,inactive,0,0,0,0,0,0,0,0,0,0,0
1100425251055271937,2025-08-22 20:12:15.62097+00,2025-08-22 20:12:15.62097+00,,14005,DeMarco Murray,"","",0,inactive,0,0,0,0,0,0,0,0,0,0,0
1100425258108125185,2025-08-22 20:12:17.800395+00,2025-08-22 20:12:17.800395+00,,13215,Dez Bryant,"","",0,inactive,0,0,0,0,0,0,0,0,0,0,0
1100425264285810689,2025-08-22 20:12:19.686171+00,2025-08-22 20:12:19.686171+00,,14851,Terrelle Pryor Sr.,"","",0,inactive,0,0,0,0,0,0,0,0,0,0,0
1100425269985017857,2025-08-22 20:12:21.420891+00,2025-08-22 20:12:21.420891+00,,11788,Danny Woodhead,"","",0,inactive,0,0,0,0,0,0,0,0,0,0,0
1100425272176672769,2025-08-22 20:12:22.09378+00,2025-08-24 00:31:47.470164+00,,8479,Frank Gore,RB,"",0,inactive,0,0,0,0,0,0,0,0,0,0,0
1100425277780885505,2025-08-22 20:12:23.799538+00,2025-08-22 20:12:23.799538+00,,2575408,Rob Kelley,"","",0,inactive,0,0,0,0,0,0,0,0,0,0,0
1100425280001638401,2025-08-22 20:12:24.481256+00,2025-08-22 20:12:24.481256+00,,15848,Eddie Lacy,"","",0,inactive,0,0,0,0,0,0,0,0,0,0,0
1100425282688319489,2025-08-22 20:12:25.302154+00,2025-08-22 20:12:25.302154+00,,12579,Jeremy Maclin,"","",0,inactive,0,0,0,0,0,0,0,0,0,0,0
1100425283394732033,2025-08-22 20:12:25.517685+00,2025-08-22 20:12:25.517685+00,,16886,Martavis Bryant,WR,"",0,inactive,0,0,0,0,0,0,0,0,0,0,0
1100425285965742081,2025-08-22 20:12:26.302858+00,2025-08-22 20:12:26.302858+00,,8544,Darren Sproles,"","",0,inactive,0,0,0,0,0,0,0,0,0,0,0
1100425288120926209,2025-08-22 20:12:26.960757+00,2025-08-22 20:12:26.960757+00,,11295,Martellus Bennett,"","",0,inactive,0,0,0,0,0,0,0,0,0,0,0
1100425290376151041,2025-08-22 20:12:27.648558+00,2025-08-24 00:36:38.607259+00,,14322,Dan Bailey,K,"",0,inactive,0,0,0,0,0,0,0,0,0,0,0
1100425293570080769,2025-08-22 20:12:28.623585+00,2025-08-22 20:12:28.623585+00,,12556,Kenny Britt,"","",0,inactive,0,0,0,0,0,0,0,0,0,0,0
1100425294325448705,2025-08-22 20:12:28.853286+00,2025-08-22 20:12:28.853286+00,,16783,Terrance West,"","",0,inactive,0,0,0,0,0,0,0,0,0,0,0
1100425296054026241,2025-08-22 20:12:29.380792+00,2025-08-22 20:12:29.380792+00,,9705,Brandon Marshall,"","",0,inactive,0,0,0,0,0,0,0,0,0,0,0
1100425296803790849,2025-08-22 20:12:29.610005+00,2025-08-22 20:12:29.610005+00,,15952,Mike Gillislee,"","",0,inactive,0,0,0,0,0,0,0,0,0,0,0
1100425298058674177,2025-08-22 20:12:29.992753+00,2025-08-22 20:12:29.992753+00,,13213,LeGarrette Blount,"","",0,inactive,0,0,0,0,0,0,0,0,0,0,0
1100425300720910337,2025-08-22 20:12:30.805658+00,2025-08-22 20:12:30.805658+00,,11278,Matt Forte,"","",0,inactive,0,0,0,0,0,0,0,0,0,0,0
1100425301473886209,2025-08-22 20:12:31.034709+00,2025-08-22 20:12:31.034709+00,,2971589,Paul Perkins,"","",0,inactive,0,0,0,0,0,0,0,0,0,0,0
1100425303592173569,2025-08-22 20:12:31.681965+00,2025-08-22 20:12:31.681965+00,,4459,Carson Palmer,"","",0,inactive,0,0,0,0,0,0,0,0,0,0,0
1100425304367693825,2025-08-22 20:12:31.92052+00,2025-08-24 00:31:57.159709+00,,4527,Jason Witten,TE,"",0,inactive,0,0,0,0,0,0,0,0,0,0,0
1100425305602785281,2025-08-22 20:12:32.296087+00,2025-08-22 20:12:32.296087+00,,14901,Dwayne Allen,"","",0,inactive,0,0,0,0,0,0,0,0,0,0,0
1100425306872250369,2025-08-22 20:12:32.677603+00,2025-08-22 20:12:32.677603+00,,13271,Eric Decker,"","",0,inactive,0,0,0,0,0,0,0,0,0,0,0
1100425311191269377,2025-08-22 20:12:34.00097+00,2025-08-22 20:12:34.00097+00,,2980148,C.J. Prosise,"","",0,inactive,0,0,0,0,0,0,0,0,0,0,0
1100425313851277313,2025-08-22 20:12:34.813163+00,2025-08-24 00:39:00.288354+00,,5526,Eli Manning,QB,"",0,inactive,0,0,0,0,0,0,0,0,0,0,0
1100425314630107137,2025-08-22 20:12:35.049674+00,2025-08-22 20:12:35.049674+00,,11238,Darren McFadden,"","",0,inactive,0,0,0,0,0,0,0,0,0,0,0
1100425316928258049,2025-08-22 20:12:35.751814+00,2025-08-22 20:12:35.751814+00,,11247,Jonathan Stewart,"","",0,inactive,0,0,0,0,0,0,0,0,0,0,0
1100425319657406465,2025-08-22 20:12:36.576221+00,2025-08-22 20:12:36.576221+00,,16736,Johnny Manziel,"","",0,inactive,0,0,0,0,0,0,0,0,0,0,0
1100425320933359617,2025-08-22 20:12:36.965881+00,2025-08-22 20:12:36.965881+00,,15058,Blair Walsh,"","",0,inactive,0,0,0,0,0,0,0,0,0,0,0
1100425321656385537,2025-08-22 20:12:37.195092+00,2025-08-22 20:12:37.195092+00,,3059722,Zay Jones,WR,"",0,"",0,0,0,0,0,0,0,0,0,0,0
1100425322387406849,2025-08-22 20:12:37.418155+00,2025-08-22 20:12:37.418155+00,,16763,Jordan Matthews,TE,"",0,"",0,0,0,0,0,0,0,0,0,0,0
1100425323608440833,2025-08-22 20:12:37.785715+00,2025-08-22 20:12:37.785715+00,,2576237,Thomas Rawls,"","",0,inactive,0,0,0,0,0,0,0,0,0,0,0
1100425324404506625,2025-08-22 20:12:38.028036+00,2025-08-22 20:12:38.028036+00,,3129302,DeShone Kizer,"","",0,inactive,0,0,0,0,0,0,0,0,0,0,0
1100425325155221505,2025-08-22 20:12:38.262407+00,2025-08-22 20:12:38.262407+00,,2978929,Corey Coleman,"","",0,inactive,0,0,0,0,0,0,0,0,0,0,0
1100425326919909377,2025-08-22 20:12:38.792671+00,2025-08-22 20:12:38.792671+00,,14193,Jacquizz Rodgers,"","",0,inactive,0,0,0,0,0,0,0,0,0,0,0
1100425327687237633,2025-08-22 20:12:39.035234+00,2025-08-22 20:12:39.035234+00,,2148,Sebastian Janikowski,"","",0,inactive,0,0,0,0,0,0,0,0,0,0,0
1100425328926457857,2025-08-22 20:12:39.413377+00,2025-08-22 20:12:39.413377+00,,16020,Spencer Ware,"","",0,inactive,0,0,0,0,0,0,0,0,0,0,0
1100425329675403265,2025-08-22 20:12:39.643116+00,2025-08-22 20:12:39.643116+00,,17130,Travis Coons,"","",0,inactive,0,0,0,0,0,0,0,0,0,0,0
1100745262345551873,2025-08-23 23:19:55.246041+00,2025-08-23 23:19:55.111862+00,,3886812,Jake Browning,QB,"",0,"",0,0,0,0,0,0,0,0,0,0,0
1100745283895853057,2025-08-23 23:20:01.850093+00,2025-08-23 23:20:01.733255+00,,4373632,Jaren Hall,QB,"",0,"",0,0,0,0,0,0,0,0,0,0,0
1100745292500107265,2025-08-23 23:20:04.480012+00,2025-08-23 23:20:04.371807+00,,3120590,Easton Stick,QB,"",0,"",0,0,0,0,0,0,0,0,0,0,0
1100745294091780097,2025-08-23 23:20:04.970826+00,2025-08-23 23:20:04.869463+00,,3892775,Jarrett Stidham,QB,"",0,"",0,0,0,0,0,0,0,0,0,0,0
1100745303642767361,2025-08-23 23:20:07.879766+00,2025-08-23 23:20:07.771288+00,,3059989,Nick Mullens,QB,"",0,"",0,0,0,0,0,0,0,0,0,0,0
1100745343111692289,2025-08-23 23:20:19.923102+00,2025-08-23 23:20:19.806262+00,,3121409,Noah Brown,WR,"",0,"",0,0,0,0,0,0,0,0,0,0,0
1100745350477316097,2025-08-23 23:20:22.172129+00,2025-08-23 23:20:22.062852+00,,15965,Dustin Hopkins,K,"",0,"",0,0,0,0,0,0,0,0,0,0,0
1100749585397284865,2025-08-23 23:41:54.560469+00,2025-08-23 23:41:54.438573+00,,4426875,Sam Howell,QB,"",0,"",0,0,0,0,0,0,0,0,0,0,0
1100749734862880769,2025-08-23 23:42:40.200887+00,2025-08-23 23:42:40.101815+00,,3910544,Joshua Kelley,RB,"",0,"",0,0,0,0,0,0,0,0,0,0,0
1100749744791322625,2025-08-23 23:42:43.225856+00,2025-08-23 23:42:43.115503+00,,4371733,Kenneth Gainwell,RB,"",0,"",0,0,0,0,0,0,0,0,0,0,0
1100749745820925953,2025-08-23 23:42:43.540664+00,2025-08-23 23:42:43.437916+00,,3045523,Kendrick Bourne,WR,"",0,"",0,0,0,0,0,0,0,0,0,0,0
1100749764983554049,2025-08-23 23:42:49.392971+00,2025-08-23 23:42:49.29018+00,,3115306,Josh Reynolds,WR,"",0,"",0,0,0,0,0,0,0,0,0,0,0
1100749802961797121,2025-08-23 23:43:00.978635+00,2025-08-23 23:43:00.863869+00,,4360797,Tutu Atwell,WR,"",0,"",0,0,0,0,0,0,0,0,0,0,0
1100749880527781889,2025-08-23 23:43:24.65046+00,2025-08-23 23:43:24.547521+00,,4242433,Joshua Palmer,WR,"",0,"",0,0,0,0,0,0,0,0,0,0,0
1100749909938405377,2025-08-23 23:43:33.629522+00,2025-08-23 23:43:33.521794+00,,4367178,Dorian Thompson-Robinson,QB,"",0,"",0,0,0,0,0,0,0,0,0,0,0
1100749929328934913,2025-08-23 23:43:39.544252+00,2025-08-23 23:43:39.438872+00,,4686472,Marvin Mims Jr.,WR,"",0,"",0,0,0,0,0,0,0,0,0,0,0
1100749967493693441,2025-08-23 23:43:51.189998+00,2025-08-23 23:43:51.086847+00,,3044720,Joshua Dobbs,QB,"",0,"",0,0,0,0,0,0,0,0,0,0,0
1100749996707282945,2025-08-23 23:44:00.105478+00,2025-08-23 23:43:59.997505+00,,4360761,Michael Wilson,WR,"",0,"",0,0,0,0,0,0,0,0,0,0,0
1100750054728138753,2025-08-23 23:44:17.816191+00,2025-08-23 23:44:17.717705+00,,3916566,K.J. Osborn,WR,"",0,"",0,0,0,0,0,0,0,0,0,0,0
1100750122754211841,2025-08-23 23:44:38.575717+00,2025-08-23 23:44:38.47703+00,,4362087,Keaontay Ingram,RB,"",0,"",0,0,0,0,0,0,0,0,0,0,0
1100750171363311617,2025-08-23 23:44:53.401375+00,2025-08-23 23:44:53.277308+00,,3728262,Ray-Ray McCloud III,WR,"",0,"",0,0,0,0,0,0,0,0,0,0,0
1100750192193110017,2025-08-23 23:44:59.765081+00,2025-08-23 23:44:59.656676+00,,4421446,Craig Reynolds,RB,"",0,"",0,0,0,0,0,0,0,0,0,0,0
1100750201611976705,2025-08-23 23:45:02.637914+00,2025-08-23 23:45:02.543+00,,4685035,Zach Evans,RB,"",0,"",0,0,0,0,0,0,0,0,0,0,0
1100750291624787969,2025-08-23 23:45:30.108471+00,2025-08-23 23:45:29.996305+00,,3125116,D'Onta Foreman,RB,"",0,"",0,0,0,0,0,0,0,0,0,0,0
1100750362027819009,2025-08-23 23:45:51.596863+00,2025-08-23 23:45:51.492459+00,,4427095,DeMario Douglas,WR,"",0,"",0,0,0,0,0,0,0,0,0,0,0
1100750372322312193,2025-08-23 23:45:54.73672+00,2025-08-23 23:45:54.625474+00,,3918639,Gerald Everett,TE,"",0,"",0,0,0,0,0,0,0,0,0,0,0
1100750491950415873,2025-08-23 23:46:31.246148+00,2025-08-23 23:46:31.143906+00,,4040980,Irv Smith Jr.,TE,"",0,"",0,0,0,0,0,0,0,0,0,0,0
1100750550044934145,2025-08-23 23:46:48.97507+00,2025-08-23 23:46:48.880274+00,,4428085,Luke Musgrave,TE,"",0,"",0,0,0,0,0,0,0,0,0,0,0
1100750733151633409,2025-08-23 23:47:44.852193+00,2025-08-23 23:47:44.743902+00,,3929645,Juwan Johnson,TE,"",0,"",0,0,0,0,0,0,0,0,0,0,0
1100752343783374849,2025-08-23 23:55:56.35076+00,2025-08-23 23:55:56.211738+00,,3915486,Tyler Conklin,TE,"",0,"",0,0,0,0,0,0,0,0,0,0,0
1100752373652717569,2025-08-23 23:56:05.493487+00,2025-08-23 23:56:05.387401+00,,2578570,Jacoby Brissett,QB,"",0,"",0,0,0,0,0,0,0,0,0,0,0
1100752435455950849,2025-08-23 23:56:24.353842+00,2025-08-23 23:56:24.236583+00,,2572861,J.D. McKissic,RB,"",0,inactive,0,0,0,0,0,0,0,0,0,0,0
1100752499287326721,2025-08-23 23:56:43.834756+00,2025-08-23 23:56:43.725831+00,,4242873,Eno Benjamin,RB,"",0,inactive,0,0,0,0,0,0,0,0,0,0,0
1100752552127430657,2025-08-23 23:56:59.964815+00,2025-08-23 23:56:59.850849+00,,3139033,Mike Boone,RB,"",0,"",0,0,0,0,0,0,0,0,0,0,0
1100752563405160449,2025-08-23 23:57:03.401074+00,2025-08-23 23:57:03.28144+00,,4036419,Skylar Thompson,QB,"",0,"",0,0,0,0,0,0,0,0,0,0,0
1100752596376485889,2025-08-23 23:57:13.462874+00,2025-08-23 23:57:13.35548+00,,4242546,Davis Mills,QB,"",0,"",0,0,0,0,0,0,0,0,0,0,0
1100752641797095425,2025-08-23 23:57:27.324426+00,2025-08-23 23:57:27.216927+00,,2565969,Taylor Heinicke,QB,"",0,"",0,0,0,0,0,0,0,0,0,0,0
1100752691870760961,2025-08-23 23:57:42.605458+00,2025-08-23 23:57:42.497617+00,,4361516,Daniel Bellinger,TE,"",0,"",0,0,0,0,0,0,0,0,0,0,0
1100752733864493057,2025-08-23 23:57:55.421441+00,2025-08-23 23:57:55.31304+00,,3924365,Hayden Hurst,TE,"",0,"",0,0,0,0,0,0,0,0,0,0,0
1100752798761517057,2025-08-23 23:58:15.213126+00,2025-08-23 23:58:15.031118+00,,3121410,Parris Campbell,WR,"",0,"",0,0,0,0,0,0,0,0,0,0,0
1100752831321178113,2025-08-23 23:58:25.149415+00,2025-08-23 23:58:25.008425+00,,4240455,Deon Jackson,RB,"",0,"",0,0,0,0,0,0,0,0,0,0,0
1100752845907623937,2025-08-23 23:58:29.601798+00,2025-08-23 23:58:29.442381+00,,4039050,Devin Duvernay,WR,"",0,"",0,0,0,0,0,0,0,0,0,0,0
1100752918306816001,2025-08-23 23:58:51.710232+00,2025-08-23 23:58:51.601205+00,,4244732,Caleb Huntley,RB,"",0,inactive,0,0,0,0,0,0,0,0,0,0,0
1100752928727695361,2025-08-23 23:58:54.889148+00,2025-08-23 23:58:54.780841+00,,4362630,Terrace Marshall Jr.,WR,"",0,"",0,0,0,0,0,0,0,0,0,0,0
1100753031566393345,2025-08-23 23:59:26.273263+00,2025-08-23 23:59:26.160537+00,,4367209,Greg Dulcich,TE,"",0,"",0,0,0,0,0,0,0,0,0,0,0
1100753296255123457,2025-08-24 00:00:47.050667+00,2025-08-24 00:00:46.940728+00,,3051381,Mike White,QB,"",0,"",0,0,0,0,0,0,0,0,0,0,0
1100753307878195201,2025-08-24 00:00:50.595943+00,2025-08-24 00:00:50.493436+00,,4427728,Zonovan Knight,RB,"",0,"",0,0,0,0,0,0,0,0,0,0,0
1100753339226357761,2025-08-24 00:01:00.16434+00,2025-08-24 00:01:00.059583+00,,3843945,Foster Moreau,TE,"",0,"",0,0,0,0,0,0,0,0,0,0,0
1100753401557188609,2025-08-24 00:01:19.195889+00,2025-08-24 00:01:19.089182+00,,4035671,Tyler Huntley,QB,"",0,"",0,0,0,0,0,0,0,0,0,0,0
1100753590905307137,2025-08-24 00:02:17.00006+00,2025-08-24 00:02:16.894416+00,,4258195,Donovan Peoples-Jones,WR,"",0,"",0,0,0,0,0,0,0,0,0,0,0
1100754026836131841,2025-08-24 00:04:30.004838+00,2025-08-24 00:04:29.897673+00,,4035170,Marquez Callaway,WR,"",0,"",0,0,0,0,0,0,0,0,0,0,0
1100754036879884289,2025-08-24 00:04:33.105396+00,2025-08-24 00:04:33.0077+00,,3116136,Justin Jackson,RB,"",0,inactive,0,0,0,0,0,0,0,0,0,0,0
1100754037989900289,2025-08-24 00:04:33.442313+00,2025-08-24 00:04:33.332525+00,,3895827,Ty'Son Williams,RB,"",0,inactive,0,0,0,0,0,0,0,0,0,0,0
1100754178806644737,2025-08-24 00:05:16.414335+00,2025-08-24 00:05:16.311285+00,,3127313,Tristan Vizcaino,K,"",0,inactive,0,0,0,0,0,0,0,0,0,0,0
1100754568380121089,2025-08-24 00:07:15.304186+00,2025-08-24 00:07:15.181226+00,,3115375,Darrel Williams,RB,"",0,inactive,0,0,0,0,0,0,0,0,0,0,0
1100754631030800385,2025-08-24 00:07:34.422997+00,2025-08-24 00:07:34.314895+00,,15091,Randy Bullock,K,"",0,"",0,0,0,0,0,0,0,0,0,0,0
1100754670659108865,2025-08-24 00:07:46.516783+00,2025-08-24 00:07:46.409389+00,,15168,Case Keenum,QB,"",0,"",0,0,0,0,0,0,0,0,0,0,0
1100754672483729409,2025-08-24 00:07:47.072755+00,2025-08-24 00:07:46.96359+00,,3051806,Ricky Seals-Jones,TE,"",0,inactive,0,0,0,0,0,0,0,0,0,0,0
1100754754001502209,2025-08-24 00:08:11.951532+00,2025-08-24 00:08:11.843943+00,,2574576,C.J. Uzomah,TE,"",0,"",0,0,0,0,0,0,0,0,0,0,0
1100754815126175745,2025-08-24 00:08:30.606279+00,2025-08-24 00:08:30.509274+00,,3930066,Van Jefferson,WR,"",0,"",0,0,0,0,0,0,0,0,0,0,0
1100754825324527617,2025-08-24 00:08:33.721773+00,2025-08-24 00:08:33.61495+00,,3127586,Jeremy McNichols,RB,"",0,"",0,0,0,0,0,0,0,0,0,0,0
1100754835735019521,2025-08-24 00:08:36.890231+00,2025-08-24 00:08:36.778646+00,,4212989,Dan Arnold,TE,"",0,inactive,0,0,0,0,0,0,0,0,0,0,0
1100754979235004417,2025-08-24 00:09:20.69022+00,2025-08-24 00:09:20.581325+00,,2511109,Trevor Siemian,QB,"",0,"",0,0,0,0,0,0,0,0,0,0,0
1100755319201333249,2025-08-24 00:11:04.442102+00,2025-08-24 00:11:04.339579+00,,4362452,Jaret Patterson,RB,"",0,"",0,0,0,0,0,0,0,0,0,0,0
1100755329001488385,2025-08-24 00:11:07.429358+00,2025-08-24 00:11:07.320949+00,,3932430,Jalen Guyton,WR,"",0,"",0,0,0,0,0,0,0,0,0,0,0
1100755398262095873,2025-08-24 00:11:28.567332+00,2025-08-24 00:11:28.462735+00,,3126246,Dontrell Hilliard,RB,"",0,inactive,0,0,0,0,0,0,0,0,0,0,0
1100756462539538433,2025-08-24 00:16:53.32448+00,2025-08-24 00:16:53.214814+00,,3923397,Ryquell Armstead,RB,"",0,inactive,0,0,0,0,0,0,0,0,0,0,0
1100756473296125953,2025-08-24 00:16:56.638432+00,2025-08-24 00:16:56.531064+00,,4040774,Harrison Bryant,TE,"",0,"",0,0,0,0,0,0,0,0,0,0,0
1100756506800521217,2025-08-24 00:17:06.86162+00,2025-08-24 00:17:06.732986+00,,2570986,Malcolm Brown,RB,"",0,inactive,0,0,0,0,0,0,0,0,0,0,0
1100756527838920705,2025-08-24 00:17:13.292936+00,2025-08-24 00:17:13.183024+00,,3916945,Darius Slayton,WR,"",0,"",0,0,0,0,0,0,0,0,0,0,0
1100756549850300417,2025-08-24 00:17:20.005423+00,2025-08-24 00:17:19.895383+00,,3914397,Scotty Miller,WR,"",0,"",0,0,0,0,0,0,0,0,0,0,0
1100756626017779713,2025-08-24 00:17:43.23995+00,2025-08-24 00:17:43.084661+00,,3128451,Tre'Quan Smith,WR,"",0,"",0,0,0,0,0,0,0,0,0,0,0
1100756641017364481,2025-08-24 00:17:47.828453+00,2025-08-24 00:17:47.720044+00,,3043234,Zane Gonzalez,K,"",0,"",0,0,0,0,0,0,0,0,0,0,0
1100756651974983681,2025-08-24 00:17:51.170772+00,2025-08-24 00:17:51.06868+00,,3915165,Rodrigo Blankenship,K,"",0,inactive,0,0,0,0,0,0,0,0,0,0,0
1100756727161290753,2025-08-24 00:18:14.117297+00,2025-08-24 00:18:14.009798+00,,3127310,Drew Sample,TE,"",0,"",0,0,0,0,0,0,0,0,0,0,0
1100756757272690689,2025-08-24 00:18:23.306474+00,2025-08-24 00:18:23.198883+00,,2998565,Mo Alie-Cox,TE,"",0,"",0,0,0,0,0,0,0,0,0,0,0
1100756758407938049,2025-08-24 00:18:23.653372+00,2025-08-24 00:18:23.545464+00,,3125403,Brian Hill,RB,"",0,inactive,0,0,0,0,0,0,0,0,0,0,0
1100756892756934657,2025-08-24 00:19:04.653882+00,2025-08-24 00:19:04.55471+00,,3134353,Tim Patrick,WR,"",0,"",0,0,0,0,0,0,0,0,0,0,0
1100756985812549633,2025-08-24 00:19:33.056433+00,2025-08-24 00:19:32.95141+00,,3139522,Travis Fulgham,WR,"",0,inactive,0,0,0,0,0,0,0,0,0,0,0
1100757019568472065,2025-08-24 00:19:43.353659+00,2025-08-24 00:19:43.247674+00,,3115293,Kyle Allen,QB,"",0,"",0,0,0,0,0,0,0,0,0,0,0
1100757091709976577,2025-08-24 00:20:05.372793+00,2025-08-24 00:20:05.2632+00,,3123052,Michael Badgley,K,"",0,"",0,0,0,0,0,0,0,0,0,0,0
1100757163789975553,2025-08-24 00:20:27.362918+00,2025-08-24 00:20:27.246163+00,,3928925,JaMycal Hasty,RB,"",0,"",0,0,0,0,0,0,0,0,0,0,0
1100757205790818305,2025-08-24 00:20:40.185074+00,2025-08-24 00:20:40.088157+00,,4240631,DeeJay Dallas,RB,"",0,"",0,0,0,0,0,0,0,0,0,0,0
1100757207618191361,2025-08-24 00:20:40.741991+00,2025-08-24 00:20:40.639361+00,,4037457,Travis Homer,RB,"",0,"",0,0,0,0,0,0,0,0,0,0,0
1100757217408483329,2025-08-24 00:20:43.730117+00,2025-08-24 00:20:43.623009+00,,16786,Richard Rodgers,TE,"",0,inactive,0,0,0,0,0,0,0,0,0,0,0
1100757460478394369,2025-08-24 00:21:57.90944+00,2025-08-24 00:21:57.801689+00,,4243315,Salvon Ahmed,RB,"",0,"",0,0,0,0,0,0,0,0,0,0,0
1100757598179917825,2025-08-24 00:22:39.929365+00,2025-08-24 00:22:39.822082+00,,3045127,Wayne Gallman,RB,"",0,inactive,0,0,0,0,0,0,0,0,0,0,0
1100757620085260289,2025-08-24 00:22:46.612169+00,2025-08-24 00:22:46.499213+00,,2574511,Brandon Allen,QB,"",0,"",0,0,0,0,0,0,0,0,0,0,0
1100757691809071105,2025-08-24 00:23:08.5042+00,2025-08-24 00:23:08.396155+00,,15837,Mike Glennon,QB,"",0,inactive,0,0,0,0,0,0,0,0,0,0,0
1100757775820455937,2025-08-24 00:23:34.140317+00,2025-08-24 00:23:34.026341+00,,4035072,Benny Snell Jr.,RB,"",0,inactive,0,0,0,0,0,0,0,0,0,0,0
1100759096054251521,2025-08-24 00:30:16.974934+00,2025-08-24 00:30:16.861807+00,,2972091,Jalen Richard,RB,"",0,inactive,0,0,0,0,0,0,0,0,0,0,0
1100759141026463745,2025-08-24 00:30:30.771749+00,2025-08-24 00:30:30.659456+00,,3068939,Aldrick Rosas,K,"",0,inactive,0,0,0,0,0,0,0,0,0,0,0
1100759209388670977,2025-08-24 00:30:51.632401+00,2025-08-24 00:30:51.518996+00,,2578533,Chris Conley,WR,"",0,"",0,0,0,0,0,0,0,0,0,0,0
1100759246860025857,2025-08-24 00:31:03.068365+00,2025-08-24 00:31:02.961089+00,,9592,Vernon Davis,TE,"",0,inactive,0,0,0,0,0,0,0,0,0,0,0
1100759304715272193,2025-08-24 00:31:20.72492+00,2025-08-24 00:31:20.611762+00,,3115365,Trey Quinn,WR,"",0,inactive,0,0,0,0,0,0,0,0,0,0,0
1100759370494705665,2025-08-24 00:31:40.798101+00,2025-08-24 00:31:40.677231+00,,2576395,Devin Smith,WR,"",0,inactive,0,0,0,0,0,0,0,0,0,0,0
1100759519527796737,2025-08-24 00:32:26.280687+00,2025-08-24 00:32:26.177205+00,,2579604,Phillip Dorsett II,WR,"",0,"",0,0,0,0,0,0,0,0,0,0,0
1100759630423982081,2025-08-24 00:33:00.124895+00,2025-08-24 00:33:00.016466+00,,8461,Mike Nugent,K,"",0,inactive,0,0,0,0,0,0,0,0,0,0,0
1100759651938238465,2025-08-24 00:33:06.689128+00,2025-08-24 00:33:06.581081+00,,2998120,Josh Lambo,K,"",0,inactive,0,0,0,0,0,0,0,0,0,0,0
1100759673420513281,2025-08-24 00:33:13.244965+00,2025-08-24 00:33:13.096627+00,,3921564,Auden Tate,WR,"",0,inactive,0,0,0,0,0,0,0,0,0,0,0
1100759932005416961,2025-08-24 00:34:32.158706+00,2025-08-24 00:34:32.047178+00,,15478,Brandon Bolden,RB,"",0,"",0,0,0,0,0,0,0,0,0,0,0
1100759943131594753,2025-08-24 00:34:35.556025+00,2025-08-24 00:34:35.447875+00,,3123050,Chris Herndon,TE,"",0,inactive,0,0,0,0,0,0,0,0,0,0,0
1100759945209085953,2025-08-24 00:34:36.186066+00,2025-08-24 00:34:36.029866+00,,16121,Luke Willson,TE,"",0,inactive,0,0,0,0,0,0,0,0,0,0,0
1100760008071118849,2025-08-24 00:34:55.372668+00,2025-08-24 00:34:55.264647+00,,3915411,Ty Johnson,RB,"",0,"",0,0,0,0,0,0,0,0,0,0,0
1100760052165672961,2025-08-24 00:35:08.828882+00,2025-08-24 00:35:08.725373+00,,3917846,Mark Walton,RB,"",0,inactive,0,0,0,0,0,0,0,0,0,0,0
1100760061713940481,2025-08-24 00:35:11.743772+00,2025-08-24 00:35:11.637192+00,,15773,Darren Fells,TE,"",0,inactive,0,0,0,0,0,0,0,0,0,0,0
1100760095769559041,2025-08-24 00:35:22.137061+00,2025-08-24 00:35:22.028641+00,,11128,Matt Moore,QB,"",0,inactive,0,0,0,0,0,0,0,0,0,0,0
1100760194291269633,2025-08-24 00:35:52.202783+00,2025-08-24 00:35:52.095061+00,,3915399,Preston Williams,WR,"",0,inactive,0,0,0,0,0,0,0,0,0,0,0
1100760205210451969,2025-08-24 00:35:55.535196+00,2025-08-24 00:35:55.427692+00,,2972283,Tra Carson,RB,"",0,inactive,0,0,0,0,0,0,0,0,0,0,0
1100760280997134337,2025-08-24 00:36:18.663494+00,2025-08-24 00:36:18.555941+00,,2978109,Zach Pascal,WR,"",0,"",0,0,0,0,0,0,0,0,0,0,0
1100760303935488001,2025-08-24 00:36:25.663842+00,2025-08-24 00:36:25.556932+00,,3120303,Ross Dwelley,TE,"",0,"",0,0,0,0,0,0,0,0,0,0,0
1100760466177622017,2025-08-24 00:37:15.175877+00,2025-08-24 00:37:15.048373+00,,3125404,Jacob Hollister,TE,"",0,inactive,0,0,0,0,0,0,0,0,0,0,0
1100760513826455553,2025-08-24 00:37:29.722915+00,2025-08-24 00:37:29.619102+00,,2574630,Jeff Driskel,QB,"",0,"",0,0,0,0,0,0,0,0,0,0,0
1100760546812592129,2025-08-24 00:37:39.7836+00,2025-08-24 00:37:39.666256+00,,15887,Ryan Griffin,TE,"",0,inactive,0,0,0,0,0,0,0,0,0,0,0
1100760593361272833,2025-08-24 00:37:53.990576+00,2025-08-24 00:37:53.85167+00,,3126367,Bo Scarbrough,RB,"",0,inactive,0,0,0,0,0,0,0,0,0,0,0
1100760603417247745,2025-08-24 00:37:57.058597+00,2025-08-24 00:37:56.947238+00,,2980077,Jonathan Williams,RB,"",0,"",0,0,0,0,0,0,0,0,0,0,0
1100760907329044481,2025-08-24 00:39:29.806269+00,2025-08-24 00:39:29.699172+00,,3127211,Patrick Laird,RB,"",0,inactive,0,0,0,0,0,0,0,0,0,0,0
1100760908586483713,2025-08-24 00:39:30.19034+00,2025-08-24 00:39:30.064654+00,,4044452,Kaden Smith,TE,"",0,inactive,0,0,0,0,0,0,0,0,0,0,0
1100760961366196225,2025-08-24 00:39:46.296982+00,2025-08-24 00:39:46.19144+00,,2577654,DeAndre Washington,RB,"",0,inactive,0,0,0,0,0,0,0,0,0,0,0
1100761017178423297,2025-08-24 00:40:03.320668+00,2025-08-24 00:40:03.208534+00,,3040035,Greg Ward Jr.,WR,"",0,inactive,0,0,0,0,0,0,0,0,0,0,0
1105459143260667905,2025-09-09 14:55:57.553978+00,2025-09-09 14:55:57.553978+00,,4890973,Ashton Jeanty,RB,"",0,"",0,0,0,0,0,0,0,0,0,0,0
1105459149746208769,2025-09-09 14:55:59.569268+00,2025-09-09 14:55:59.569268+00,,4685382,Omarion Hampton,RB,"",0,"",0,0,0,0,0,0,0,0,0,0,0
1105459161057492993,2025-09-09 14:56:03.021404+00,2025-09-09 14:56:03.021404+00,,4432710,TreVeyon Henderson,RB,"",0,"",0,0,0,0,0,0,0,0,0,0,0
1105459166122573825,2025-09-09 14:56:04.567133+00,2025-09-09 14:56:04.567133+00,,4685472,Tetairoa McMillan,WR,"",0,"",0,0,0,0,0,0,0,0,0,0,0
1105459168319307777,2025-09-09 14:56:05.235988+00,2025-09-09 14:56:05.235988+00,,4568490,RJ Harvey,RB,"",0,"",0,0,0,0,0,0,0,0,0,0,0
1105459170474459137,2025-09-09 14:56:05.895108+00,2025-09-09 14:56:05.895108+00,,4575131,Jacory Croskey-Merritt,RB,"",0,"",0,0,0,0,0,0,0,0,0,0,0
1105459175041662977,2025-09-09 14:56:07.288924+00,2025-09-09 14:56:07.288924+00,,4701936,Matthew Golden,WR,"",0,"",0,0,0,0,0,0,0,0,0,0,0
1105459176305360897,2025-09-09 14:56:07.675991+00,2025-09-09 14:56:07.675991+00,,4567750,Emeka Egbuka,WR,"",0,"",0,0,0,0,0,0,0,0,0,0,0
1105459177041035265,2025-09-09 14:56:07.899674+00,2025-09-09 14:56:07.899674+00,,4685415,Travis Hunter,WR,"",0,"",0,0,0,0,0,0,0,0,0,0,0
1105459180619726849,2025-09-09 14:56:08.995777+00,2025-09-09 14:56:08.995777+00,,4428209,Ricky Pearsall,WR,"",0,"",0,0,0,0,0,0,0,0,0,0,0
1105459181838532609,2025-09-09 14:56:09.363619+00,2025-09-09 14:56:09.363619+00,,4819231,Kaleb Johnson,RB,"",0,"",0,0,0,0,0,0,0,0,0,0,0
1105459188895875073,2025-09-09 14:56:11.517658+00,2025-09-09 14:56:11.517658+00,,4433970,J.J. McCarthy,QB,"",0,"",0,0,0,0,0,0,0,0,0,0,0
1105459191688560641,2025-09-09 14:56:12.371191+00,2025-09-09 14:56:12.371191+00,,4685279,Jaydon Blue,RB,"",0,"",0,0,0,0,0,0,0,0,0,0,0
1105459194424426497,2025-09-09 14:56:13.206243+00,2025-09-09 14:56:13.206243+00,,4431459,Tyler Warren,TE,"",0,"",0,0,0,0,0,0,0,0,0,0,0
1105459195679604737,2025-09-09 14:56:13.588644+00,2025-09-09 14:56:13.588644+00,,4696981,Cam Skattebo,RB,"",0,"",0,0,0,0,0,0,0,0,0,0,0
1105459197329145857,2025-09-09 14:56:14.091365+00,2025-09-09 14:56:14.091365+00,,4688380,Cam Ward,QB,"",0,"",0,0,0,0,0,0,0,0,0,0,0
1105459201974599681,2025-09-09 14:56:15.508178+00,2025-09-09 14:56:15.508178+00,,4723086,Colston Loveland,TE,"",0,"",0,0,0,0,0,0,0,0,0,0,0
1105459202725117953,2025-09-09 14:56:15.737497+00,2025-09-09 14:56:15.737497+00,,4360423,Michael Penix Jr.,QB,"",0,"",0,0,0,0,0,0,0,0,0,0,0
1105459215511650305,2025-09-09 14:56:19.639959+00,2025-09-09 14:56:19.639959+00,,4430034,Xavier Legette,WR,"",0,"",0,0,0,0,0,0,0,0,0,0,0
1105459305514663937,2025-09-09 14:56:47.106147+00,2025-09-09 14:56:46.96968+00,,4697745,Tyler Loop,K,"",0,"",0,0,0,0,0,0,0,0,0,0,0
1105459328091914241,2025-09-09 14:56:53.996466+00,2025-09-09 14:56:53.889271+00,,4711533,Ollie Gordon II,RB,"",0,"",0,0,0,0,0,0,0,0,0,0,0
1107524420080861185,2025-09-16 22:00:29.957243+00,2025-09-16 22:00:29.823142+00,,5083076,Harold Fannin Jr.,TE,"",0,"",0,0,0,0,0,0,0,0,0,0,0
1107524514860924929,2025-09-16 22:00:58.919394+00,2025-09-16 22:00:58.813035+00,,4566192,Joshua Karty,K,"",0,"",0,0,0,0,0,0,0,0,0,0,0
1107524632067866625,2025-09-16 22:01:34.687306+00,2025-09-16 22:01:34.687306+00,,5081397,Dylan Sampson,RB,"",0,"",0,0,0,0,0,0,0,0,0,0,0
1109690239759351809,2025-09-24 13:36:25.728202+00,2025-09-24 13:36:25.587177+00,,4431280,Troy Franklin,WR,"",0,"",0,0,0,0,0,0,0,0,0,0,0
1109690263029841921,2025-09-24 13:36:32.8614+00,2025-09-24 13:36:32.753821+00,,4882093,Bhayshul Tuten,RB,"",0,"",0,0,0,0,0,0,0,0,0,0,0
1109690285778599937,2025-09-24 13:36:39.803534+00,2025-09-24 13:36:39.701781+00,,4685702,Quinshon Judkins,RB,"",0,"",0,0,0,0,0,0,0,0,0,0,0
1109690331537244161,2025-09-24 13:36:53.768199+00,2025-09-24 13:36:53.651966+00,,4883647,Elic Ayomanor,WR,"",0,"",0,0,0,0,0,0,0,0,0,0,0
1109690355250364417,2025-09-24 13:37:01.004991+00,2025-09-24 13:37:00.896999+00,,4429059,Woody Marks,RB,"",0,"",0,0,0,0,0,0,0,0,0,0,0
1111546403621371905,2025-10-01 02:57:21.993252+00,2025-10-01 02:57:21.83624+00,,4571557,Spencer Shrader,K,"",0,"",0,0,0,0,0,0,0,0,0,0,0
1113431839417171969,2025-10-07 18:47:11.316934+00,2025-10-07 18:47:11.178124+00,,4426339,Spencer Rattler,QB,"",0,"",0,0,0,0,0,0,0,0,0,0,0
1113431864497733633,2025-10-07 18:47:19.005441+00,2025-10-07 18:47:18.889639+00,,4689114,Jaxson Dart,QB,"",0,"",0,0,0,0,0,0,0,0,0,0,0
1113431914060873729,2025-10-07 18:47:34.130966+00,2025-10-07 18:47:34.018772+00,,4569603,Malik Washington,WR,"",0,"",0,0,0,0,0,0,0,0,0,0,0
1115722202947649537,2025-10-15 20:56:34.884649+00,2025-10-15 20:56:34.763509+00,,4372071,Hassan Haskins,RB,"",0,"",0,0,0,0,0,0,0,0,0,0,0
1115722237106716673,2025-10-15 20:56:45.331154+00,2025-10-15 20:56:45.218865+00,,4808766,Mason Taylor,TE,"",0,"",0,0,0,0,0,0,0,0,0,0,0
1115722238255890433,2025-10-15 20:56:45.684541+00,2025-10-15 20:56:45.587948+00,,4034949,Eddy Pineiro,K,"",0,"",0,0,0,0,0,0,0,0,0,0,0
1115722330439188481,2025-10-15 20:57:13.81957+00,2025-10-15 20:57:13.720451+00,,4430968,Kimani Vidal,RB,"",0,"",0,0,0,0,0,0,0,0,0,0,0
1115722331617230849,2025-10-15 20:57:14.171011+00,2025-10-15 20:57:14.066405+00,,4429022,Kayshon Boutte,WR,"",0,"",0,0,0,0,0,0,0,0,0,0,0
1117674335045025793,2025-10-22 18:25:38.191017+00,2025-10-22 18:25:37.928576+00,,4595342,Oronde Gadsden II,TE,"",0,"",0,0,0,0,0,0,0,0,0,0,0
1117674337414053889,2025-10-22 18:25:38.961535+00,2025-10-22 18:25:38.73693+00,,4608686,Kyle Monangai,RB,"",0,"",0,0,0,0,0,0,0,0,0,0,0
1119917966875656193,2025-10-30 16:37:20.375215+00,2025-10-30 16:37:20.226802+00,,4887558,Emanuel Wilson,RB,"",0,"",0,0,0,0,0,0,0,0,0,0,0
1125264340020396033,2025-11-18 13:50:23.990552+00,2025-11-18 13:50:23.852252+00,,4569923,Andy Borregales,K,"",0,"",0,0,0,0,0,0,0,0,0,0,0
1125264350367940609,2025-11-18 13:50:27.175401+00,2025-11-18 13:50:27.067164+00,,4432620,Parker Washington,WR,"",0,"",0,0,0,0,0,0,0,0,0,0,0
1125264352973750273,2025-11-18 13:50:27.971254+00,2025-11-18 13:50:27.862834+00,,4430871,Sean Tucker,RB,"",0,"",0,0,0,0,0,0,0,0,0,0,0
1125264390123421697,2025-11-18 13:50:39.306577+00,2025-11-18 13:50:39.193324+00,,4574716,Harrison Mevis,K,"",0,"",0,0,0,0,0,0,0,0,0,0,0
1127266295917510657,2025-11-25 15:32:52.345208+00,2025-11-25 15:32:52.187506+00,,4568263,Ryan Fitzgerald,K,"",0,"",0,0,0,0,0,0,0,0,0,0,0
1127266325265481729,2025-11-25 15:33:01.407914+00,2025-11-25 15:33:01.205532+00,,4360689,Tyler Shough,QB,"",0,"",0,0,0,0,0,0,0,0,0,0,0
1127266370528772097,2025-11-25 15:33:15.221106+00,2025-11-25 15:33:15.108986+00,,4432762,Shedeur Sanders,QB,"",0,"",0,0,0,0,0,0,0,0,0,0,0
1129233637973786625,2025-12-02 14:19:17.542436+00,2025-12-02 14:19:17.407989+00,,4682652,Devin Neal,RB,"",0,"",0,0,0,0,0,0,0,0,0,0,0
1131248798932828161,2025-12-09 17:08:55.849854+00,2025-12-09 17:08:55.690714+00,,4567096,John Metchie III,WR,"",0,"",0,0,0,0,0,0,0,0,0,0,0
1131248811645894657,2025-12-09 17:08:59.765381+00,2025-12-09 17:08:59.648464+00,,4877706,Jayden Higgins,WR,"",0,"",0,0,0,0,0,0,0,0,0,0,0
1131248973901135873,2025-12-09 17:09:49.271422+00,2025-12-09 17:09:49.271422+00,,3126997,Tom Kennedy,WR,"",0,"",0,0,0,0,0,0,0,0,0,0,0
1139301026079866881,2026-01-07 03:44:40.604538+00,2026-01-07 03:44:40.444766+00,,4682745,Jaylen Wright,RB,"",0,"",0,0,0,0,0,0,0,0,0,0,0
1139306640620388353,2026-01-07 04:13:13.991708+00,2026-01-07 04:13:13.865888+00,,4695883,Jalen Coker,WR,"",0,"",0,0,0,0,0,0,0,0,0,0,0
