id,created_at,updated_at,deleted_at,team_id,name,start_date,end_date
1094730558272765953,2025-08-02 17:27:33.198343+00,2025-08-12 23:51:11.912579+00,,1094730558067343361,Tua Deez Nutz,2025-08-02 17:27:33.198298+00,2025-08-12 23:51:11.912535+00
1094730558802460673,2025-08-02 17:27:33.393902+00,2025-08-12 23:51:12.213626+00,,1094730558715527169,Christian Mingle,2025-08-02 17:27:33.393863+00,2025-08-12 23:51:12.213591+00
1094730559331794945,2025-08-02 17:27:33.55366+00,2025-08-12 23:51:12.50836+00,,1094730559239651329,Bake Show,2025-08-02 17:27:33.55361+00,2025-08-12 23:51:12.508331+00
1094730559920340993,2025-08-02 17:27:33.733714+00,2025-08-12 23:51:12.759927+00,,1094730559831605249,Omaha Audibles,2025-08-02 17:27:33.733661+00,2025-08-12 23:51:12.759908+00
1094730560402882561,2025-08-02 17:27:33.869754+00,2025-08-12 23:51:12.992957+00,,1094730560272891905,The Nut Dumper,2025-08-02 17:27:33.86971+00,2025-08-12 23:51:12.992935+00
1094730561136984065,2025-08-02 17:27:34.059403+00,2025-08-13 00:19:44.270521+00,,1094730560901054465,Daddy Doepker,2025-08-02 17:27:34.05937+00,2025-08-13 00:19:44.270431+00
1094730561606221825,2025-08-02 17:27:34.248142+00,2025-08-12 23:51:13.335544+00,,1094730561517977601,Chef Hans,2025-08-02 17:27:34.248106+00,2025-08-12 23:51:13.335517+00
1094730562047770625,2025-08-02 17:27:34.379931+00,2025-08-22 20:12:13.057592+00,,1094730561944420353,Walker Texas  Nutter,2025-08-02 17:27:34.379891+00,2025-08-22 20:12:13.057571+00
1094730562569338881,2025-08-02 17:27:34.538782+00,2025-08-12 23:51:13.695598+00,,1094730562427092993,BbwBearcats ,2025-08-02 17:27:34.538738+00,2025-08-12 23:51:13.695581+00
1094730564442030081,2025-08-02 17:27:35.116134+00,2025-08-12 23:51:13.899847+00,,1094730564354113537,Brock'd Up,2025-08-02 17:27:35.116084+00,2025-08-12 23:51:13.899832+00
1097637141077852161,2025-08-12 23:51:11.971635+00,2025-08-12 23:51:14.120573+00,,1094730558067343361,CeeDeez Nuts,2025-08-12 23:51:11.971624+00,2025-08-12 23:51:14.120489+00
1097637141921202177,2025-08-12 23:51:12.24477+00,2025-08-12 23:51:14.351584+00,,1094730558715527169,Herbie Fully Chubbed,2025-08-12 23:51:12.244754+00,2025-08-12 23:51:14.351516+00
1097637142861938689,2025-08-12 23:51:12.538691+00,2025-08-12 23:51:14.591953+00,,1094730559239651329,Tua these Nuts in ya mouth,2025-08-12 23:51:12.538667+00,2025-08-12 23:51:14.591905+00
1097637143700570113,2025-08-12 23:51:12.794076+00,2025-08-12 23:51:14.811849+00,,1094730559831605249,The glass legs,2025-08-12 23:51:12.794056+00,2025-08-12 23:51:14.811815+00
1097637144440668161,2025-08-12 23:51:13.020311+00,2025-08-12 23:51:15.018639+00,,1094730560272891905,The Nut Dumpster,2025-08-12 23:51:13.020305+00,2025-08-12 23:51:15.018621+00
1097637145559924737,2025-08-12 23:51:13.357892+00,2025-08-12 23:51:15.340757+00,,1094730561517977601,Chef Hans ,2025-08-12 23:51:13.357868+00,2025-08-12 23:51:15.34073+00
1097637146749796353,2025-08-12 23:51:13.722478+00,2025-08-12 23:51:15.720179+00,,1094730562427092993,Von Miller High Life,2025-08-12 23:51:13.722465+00,2025-08-12 23:51:15.720165+00
1097637147426521089,2025-08-12 23:51:13.928328+00,2025-08-12 23:51:15.945056+00,,1094730564354113537,Josh's Jaqs,2025-08-12 23:51:13.928323+00,2025-08-12 23:51:15.94504+00
1097637148178710529,2025-08-12 23:51:14.157003+00,2025-08-12 23:52:23.681934+00,,1094730558067343361,Tua Deez Nutz,2025-08-12 23:51:14.156967+00,2025-08-12 23:52:23.681877+00
1097637148953444353,2025-08-12 23:51:14.3777+00,2025-08-12 23:52:23.960671+00,,1094730558715527169,Christian Mingle,2025-08-12 23:51:14.377677+00,2025-08-12 23:52:23.960658+00
1097637149732864001,2025-08-12 23:51:14.629619+00,2025-08-12 23:52:24.204817+00,,1094730559239651329,Bake Show,2025-08-12 23:51:14.629581+00,2025-08-12 23:52:24.204722+00
1097637150409785345,2025-08-12 23:51:14.840317+00,2025-08-12 23:52:24.429751+00,,1094730559831605249,Omaha Audibles,2025-08-12 23:51:14.840304+00,2025-08-12 23:52:24.429701+00
1097637151073927169,2025-08-12 23:51:15.041866+00,2025-08-12 23:52:24.655491+00,,1094730560272891905,The Nut Dumper,2025-08-12 23:51:15.041856+00,2025-08-12 23:52:24.655444+00
1097637152160350209,2025-08-12 23:51:15.369632+00,2025-08-12 23:52:25.093029+00,,1094730561517977601,Chef Hans,2025-08-12 23:51:15.369618+00,2025-08-12 23:52:25.092979+00
1097637153416380417,2025-08-12 23:51:15.756877+00,2025-08-12 23:52:25.491344+00,,1094730562427092993,BbwBearcats ,2025-08-12 23:51:15.756867+00,2025-08-12 23:52:25.491285+00
1097637154180005889,2025-08-12 23:51:15.973369+00,2025-08-12 23:52:25.724417+00,,1094730564354113537,Brock'd Up,2025-08-12 23:51:15.973354+00,2025-08-12 23:52:25.724377+00
1097637376236290049,2025-08-12 23:52:23.731862+00,2025-08-12 23:52:25.962588+00,,1094730558067343361,CeeDeez Nuts,2025-08-12 23:52:23.731845+00,2025-08-12 23:52:25.962567+00
1097637377005944833,2025-08-12 23:52:23.992468+00,2025-08-12 23:52:26.214392+00,,1094730558715527169,Herbie Fully Chubbed,2025-08-12 23:52:23.992453+00,2025-08-12 23:52:26.214356+00
1097637377814364161,2025-08-12 23:52:24.236869+00,2025-08-12 23:52:26.473868+00,,1094730559239651329,Tua these Nuts in ya mouth,2025-08-12 23:52:24.236807+00,2025-08-12 23:52:26.473791+00
1097637378525331457,2025-08-12 23:52:24.455905+00,2025-08-12 23:52:26.7463+00,,1094730559831605249,The glass legs,2025-08-12 23:52:24.455872+00,2025-08-12 23:52:26.746267+00
1097637379280404481,2025-08-12 23:52:24.683833+00,2025-08-12 23:52:27.060787+00,,1094730560272891905,The Nut Dumpster,2025-08-12 23:52:24.68382+00,2025-08-12 23:52:27.060771+00
1097637380715347969,2025-08-12 23:52:25.120199+00,2025-08-12 23:52:28.321527+00,,1094730561517977601,Chef Hans ,2025-08-12 23:52:25.120162+00,2025-08-12 23:52:28.321486+00
1097637382004244481,2025-08-12 23:52:25.519236+00,2025-08-12 23:52:28.922064+00,,1094730562427092993,Von Miller High Life,2025-08-12 23:52:25.51921+00,2025-08-12 23:52:28.922046+00
1097637382785859585,2025-08-12 23:52:25.754788+00,2025-08-12 23:52:29.195505+00,,1094730564354113537,Josh's Jaqs,2025-08-12 23:52:25.754777+00,2025-08-12 23:52:29.195462+00
1097637383595491329,2025-08-12 23:52:25.991986+00,2025-08-12 23:53:19.317833+00,,1094730558067343361,Tua Deez Nutz,2025-08-12 23:52:25.991981+00,2025-08-12 23:53:19.317754+00
1097637384410890241,2025-08-12 23:52:26.241365+00,2025-08-12 23:53:19.634772+00,,1094730558715527169,Christian Mingle,2025-08-12 23:52:26.241345+00,2025-08-12 23:53:19.634752+00
1097637385252503553,2025-08-12 23:52:26.510093+00,2025-08-12 23:53:19.990551+00,,1094730559239651329,Bake Show,2025-08-12 23:52:26.510015+00,2025-08-12 23:53:19.990525+00
1097637386137337857,2025-08-12 23:52:26.780522+00,2025-08-12 23:53:20.247739+00,,1094730559831605249,Omaha Audibles,2025-08-12 23:52:26.7805+00,2025-08-12 23:53:20.247713+00
1097637387417550849,2025-08-12 23:52:27.138192+00,2025-08-12 23:53:20.489849+00,,1094730560272891905,The Nut Dumper,2025-08-12 23:52:27.138176+00,2025-08-12 23:53:20.489828+00
1097637391695642625,2025-08-12 23:52:28.415406+00,2025-08-12 23:53:20.883417+00,,1094730561517977601,Chef Hans,2025-08-12 23:52:28.415385+00,2025-08-12 23:53:20.883384+00
1097637393293869057,2025-08-12 23:52:28.957556+00,2025-08-12 23:53:21.227468+00,,1094730562427092993,BbwBearcats ,2025-08-12 23:52:28.957514+00,2025-08-12 23:53:21.227422+00
1097637394163367937,2025-08-12 23:52:29.229415+00,2025-08-12 23:53:21.477697+00,,1094730564354113537,Brock'd Up,2025-08-12 23:52:29.229398+00,2025-08-12 23:53:21.477592+00
1097637558541942785,2025-08-12 23:53:19.379444+00,2025-08-12 23:53:21.700657+00,,1094730558067343361,CeeDeez Nuts,2025-08-12 23:53:19.37941+00,2025-08-12 23:53:21.700644+00
1097637559395450881,2025-08-12 23:53:19.663518+00,2025-08-12 23:53:21.921533+00,,1094730558715527169,Herbie Fully Chubbed,2025-08-12 23:53:19.663478+00,2025-08-12 23:53:21.921513+00
1097637560544952321,2025-08-12 23:53:20.01743+00,2025-08-12 23:53:22.167642+00,,1094730559239651329,Tua these Nuts in ya mouth,2025-08-12 23:53:20.017419+00,2025-08-12 23:53:22.167628+00
1097637561427558401,2025-08-12 23:53:20.285153+00,2025-08-12 23:53:22.466636+00,,1094730559831605249,The glass legs,2025-08-12 23:53:20.285142+00,2025-08-12 23:53:22.466568+00
1097637562199703553,2025-08-12 23:53:20.523161+00,2025-08-12 23:53:22.681732+00,,1094730560272891905,The Nut Dumpster,2025-08-12 23:53:20.523146+00,2025-08-12 23:53:22.681654+00
1097637563467005953,2025-08-12 23:53:20.908586+00,2025-08-12 23:53:23.05955+00,,1094730561517977601,Chef Hans ,2025-08-12 23:53:20.908567+00,2025-08-12 23:53:23.059446+00
1097637564611690497,2025-08-12 23:53:21.255496+00,2025-08-12 23:53:23.440609+00,,1094730562427092993,Von Miller High Life,2025-08-12 23:53:21.255476+00,2025-08-12 23:53:23.440581+00
1097637565429940225,2025-08-12 23:53:21.503425+00,2025-08-12 23:53:23.656639+00,,1094730564354113537,Josh's Jaqs,2025-08-12 23:53:21.50341+00,2025-08-12 23:53:23.656569+00
1097637566151131137,2025-08-12 23:53:21.728994+00,2025-08-12 23:54:46.923662+00,,1094730558067343361,Tua Deez Nutz,2025-08-12 23:53:21.728988+00,2025-08-12 23:54:46.923625+00
1097637566891294721,2025-08-12 23:53:21.95533+00,2025-08-12 23:54:47.213572+00,,1094730558715527169,Christian Mingle,2025-08-12 23:53:21.955319+00,2025-08-12 23:54:47.213512+00
1097637567673073665,2025-08-12 23:53:22.194406+00,2025-08-12 23:54:47.48775+00,,1094730559239651329,Bake Show,2025-08-12 23:53:22.194401+00,2025-08-12 23:54:47.487707+00
1097637568658997249,2025-08-12 23:53:22.495508+00,2025-08-12 23:54:47.744762+00,,1094730559831605249,Omaha Audibles,2025-08-12 23:53:22.495472+00,2025-08-12 23:54:47.744743+00
1097637569367703553,2025-08-12 23:53:22.708677+00,2025-08-12 23:54:47.999808+00,,1094730560272891905,The Nut Dumper,2025-08-12 23:53:22.708606+00,2025-08-12 23:54:47.999761+00
1097637570615083009,2025-08-12 23:53:23.089092+00,2025-08-12 23:54:48.400908+00,,1094730561517977601,Chef Hans,2025-08-12 23:53:23.089008+00,2025-08-12 23:54:48.400828+00
1097637571840835585,2025-08-12 23:53:23.465617+00,2025-08-12 23:54:48.878302+00,,1094730562427092993,BbwBearcats ,2025-08-12 23:53:23.465581+00,2025-08-12 23:54:48.878123+00
1097637572576509953,2025-08-12 23:53:23.689217+00,2025-08-12 23:54:49.098572+00,,1094730564354113537,Brock'd Up,2025-08-12 23:53:23.689157+00,2025-08-12 23:54:49.098526+00
1097637845573238785,2025-08-12 23:54:46.979481+00,2025-08-12 23:54:49.346144+00,,1094730558067343361,CeeDeez Nuts,2025-08-12 23:54:46.979461+00,2025-08-12 23:54:49.346105+00
1097637846360358913,2025-08-12 23:54:47.238823+00,2025-08-12 23:54:49.566376+00,,1094730558715527169,Herbie Fully Chubbed,2025-08-12 23:54:47.238802+00,2025-08-12 23:54:49.566361+00
1097637847286644737,2025-08-12 23:54:47.520487+00,2025-08-12 23:54:49.817888+00,,1094730559239651329,Tua these Nuts in ya mouth,2025-08-12 23:54:47.520449+00,2025-08-12 23:54:49.817843+00
1097637848127340545,2025-08-12 23:54:47.77953+00,2025-08-12 23:54:50.150307+00,,1094730559831605249,The glass legs,2025-08-12 23:54:47.779519+00,2025-08-12 23:54:50.150271+00
1097637848935956481,2025-08-12 23:54:48.028326+00,2025-08-12 23:54:50.374984+00,,1094730560272891905,The Nut Dumpster,2025-08-12 23:54:48.028305+00,2025-08-12 23:54:50.374932+00
1097637850365460481,2025-08-12 23:54:48.46326+00,2025-08-12 23:54:50.721136+00,,1094730561517977601,Chef Hans ,2025-08-12 23:54:48.463175+00,2025-08-12 23:54:50.721096+00
1097637851794014209,2025-08-12 23:54:48.900345+00,2025-08-12 23:54:51.077337+00,,1094730562427092993,Von Miller High Life,2025-08-12 23:54:48.900312+00,2025-08-12 23:54:51.07732+00
1097637852608954369,2025-08-12 23:54:49.148949+00,2025-08-12 23:54:51.301214+00,,1094730564354113537,Josh's Jaqs,2025-08-12 23:54:49.148917+00,2025-08-12 23:54:51.301157+00
1097637853355966465,2025-08-12 23:54:49.376707+00,2025-08-13 00:19:42.73447+00,,1094730558067343361,Tua Deez Nutz,2025-08-12 23:54:49.376674+00,2025-08-13 00:19:42.734427+00
1097637854140203009,2025-08-12 23:54:49.616049+00,2025-08-13 00:19:43.175704+00,,1094730558715527169,Christian Mingle,2025-08-12 23:54:49.615663+00,2025-08-13 00:19:43.17568+00
1097637854893342721,2025-08-12 23:54:49.8457+00,2025-08-13 00:19:43.496615+00,,1094730559239651329,Bake Show,2025-08-12 23:54:49.845673+00,2025-08-13 00:19:43.496579+00
1097637855984156673,2025-08-12 23:54:50.176918+00,2025-08-13 00:19:43.718036+00,,1094730559831605249,Omaha Audibles,2025-08-12 23:54:50.176892+00,2025-08-13 00:19:43.717981+00
1097637856726581249,2025-08-12 23:54:50.405033+00,2025-08-13 00:19:44.047317+00,,1094730560272891905,The Nut Dumper,2025-08-12 23:54:50.405005+00,2025-08-13 00:19:44.047297+00
1097637857847246849,2025-08-12 23:54:50.746375+00,2025-08-13 00:19:44.583342+00,,1094730561517977601,Chef Hans,2025-08-12 23:54:50.746346+00,2025-08-13 00:19:44.58328+00
1097637859023454209,2025-08-12 23:54:51.104814+00,2025-08-13 00:19:45.02791+00,,1094730562427092993,BbwBearcats ,2025-08-12 23:54:51.104804+00,2025-08-13 00:19:45.027892+00
1097637859751624705,2025-08-12 23:54:51.327569+00,2025-08-13 00:19:45.245339+00,,1094730564354113537,Brock'd Up,2025-08-12 23:54:51.327552+00,2025-08-13 00:19:45.245259+00
1097642747514421249,2025-08-13 00:19:42.798408+00,2025-08-13 00:19:45.554726+00,,1094730558067343361,CEO Of Tuanon,2025-08-13 00:19:42.798328+00,2025-08-13 00:19:45.554669+00
1097642748472590337,2025-08-13 00:19:43.203074+00,2025-08-13 00:19:45.786441+00,,1094730558715527169,Christian Perc,2025-08-13 00:19:43.203064+00,2025-08-13 00:19:45.786426+00
1097642749536370689,2025-08-13 00:19:43.521637+00,2025-08-13 00:19:46.104737+00,,1094730559239651329,Chef Kelce,2025-08-13 00:19:43.52162+00,2025-08-13 00:19:46.104673+00
1097642750274830337,2025-08-13 00:19:43.747601+00,2025-08-13 00:19:46.350563+00,,1094730559831605249,Kupp Checks,2025-08-13 00:19:43.747574+00,2025-08-13 00:19:46.35054+00
1097642751335661569,2025-08-13 00:19:44.075621+00,2025-08-13 00:19:46.681646+00,,1094730560272891905,Riley Reid Option,2025-08-13 00:19:44.075558+00,2025-08-13 00:19:46.681615+00
1097642752071729153,2025-08-13 00:19:44.29633+00,2025-08-13 00:19:46.948635+00,,1094730560901054465,Penitentiary My Dear Watson,2025-08-13 00:19:44.296304+00,2025-08-13 00:19:46.948623+00
1097642753088552961,2025-08-13 00:19:44.611027+00,2025-08-13 00:19:47.316677+00,,1094730561517977601,Hans  Lichtinger,2025-08-13 00:19:44.611+00,2025-08-13 00:19:47.316657+00
1097642754537619457,2025-08-13 00:19:45.053669+00,2025-08-13 00:19:48.912865+00,,1094730562427092993,No more Ls DeHaven,2025-08-13 00:19:45.05365+00,2025-08-13 00:19:48.912849+00
1097642755263365121,2025-08-13 00:19:45.273396+00,2025-08-13 00:19:49.976564+00,,1094730564354113537,Burrow Deez Nutz,2025-08-13 00:19:45.273358+00,2025-08-13 00:19:49.976545+00
1097642756274978817,2025-08-13 00:19:45.580273+00,2025-08-13 00:19:50.963052+00,,1094730558067343361,CeeDeez Nuts,2025-08-13 00:19:45.580259+00,2025-08-13 00:19:50.963023+00
1097642757025529857,2025-08-13 00:19:45.811202+00,2025-08-13 00:19:52.011827+00,,1094730558715527169,Herbie Fully Chubbed,2025-08-13 00:19:45.811188+00,2025-08-13 00:19:52.011773+00
1097642758084231169,2025-08-13 00:19:46.135994+00,2025-08-13 00:19:52.71048+00,,1094730559239651329,Tua these Nuts in ya mouth,2025-08-13 00:19:46.135948+00,2025-08-13 00:19:52.71044+00
1097642758910509057,2025-08-13 00:19:46.384919+00,2025-08-13 00:19:53.101617+00,,1094730559831605249,The glass legs,2025-08-13 00:19:46.38491+00,2025-08-13 00:19:53.101563+00
1097642759969996801,2025-08-13 00:19:46.71095+00,2025-08-13 00:19:53.483998+00,,1094730560272891905,The Nut Dumpster,2025-08-13 00:19:46.710938+00,2025-08-13 00:19:53.483965+00
1097642760911224833,2025-08-13 00:19:46.981737+00,2025-08-13 00:26:45.252989+00,,1094730560901054465,Daddy Doepker,2025-08-13 00:19:46.981725+00,2025-08-13 00:26:45.252967+00
1097642762121969665,2025-08-13 00:19:47.350382+00,2025-08-13 00:19:54.137044+00,,1094730561517977601,Chef Hans ,2025-08-13 00:19:47.350367+00,2025-08-13 00:19:54.136965+00
1097642767358263297,2025-08-13 00:19:48.962691+00,2025-08-13 00:19:54.661497+00,,1094730562427092993,Von Miller High Life,2025-08-13 00:19:48.962685+00,2025-08-13 00:19:54.661476+00
1097642770807947265,2025-08-13 00:19:50.010203+00,2025-08-13 00:19:54.966908+00,,1094730564354113537,Josh's Jaqs,2025-08-13 00:19:50.010194+00,2025-08-13 00:19:54.966851+00
1097642774021210113,2025-08-13 00:19:50.993639+00,2025-08-13 00:26:44.00781+00,,1094730558067343361,Tua Deez Nutz,2025-08-13 00:19:50.993631+00,2025-08-13 00:26:44.007702+00
1097642777504579585,2025-08-13 00:19:52.050569+00,2025-08-13 00:26:44.342585+00,,1094730558715527169,Christian Mingle,2025-08-13 00:19:52.050547+00,2025-08-13 00:26:44.342546+00
1097642779720810497,2025-08-13 00:19:52.736582+00,2025-08-13 00:26:44.563023+00,,1094730559239651329,Bake Show,2025-08-13 00:19:52.736545+00,2025-08-13 00:26:44.562975+00
1097642781047291905,2025-08-13 00:19:53.13284+00,2025-08-13 00:26:44.797288+00,,1094730559831605249,Omaha Audibles,2025-08-13 00:19:53.132818+00,2025-08-13 00:26:44.797261+00
1097642782532599809,2025-08-13 00:19:53.586985+00,2025-08-13 00:26:45.021071+00,,1094730560272891905,The Nut Dumper,2025-08-13 00:19:53.58694+00,2025-08-13 00:26:45.021009+00
1097642784425279489,2025-08-13 00:19:54.17192+00,2025-08-13 00:26:45.479907+00,,1094730561517977601,Chef Hans,2025-08-13 00:19:54.171887+00,2025-08-13 00:26:45.479855+00
1097642786110013441,2025-08-13 00:19:54.68719+00,2025-08-13 00:26:45.845218+00,,1094730562427092993,BbwBearcats ,2025-08-13 00:19:54.687177+00,2025-08-13 00:26:45.845204+00
1097642787126935553,2025-08-13 00:19:54.993826+00,2025-08-13 00:26:46.079119+00,,1094730564354113537,Brock'd Up,2025-08-13 00:19:54.993763+00,2025-08-13 00:26:46.079105+00
1097644127646810113,2025-08-13 00:26:44.060826+00,2025-08-13 00:26:46.307973+00,,1094730558067343361,Waffle Boy,2025-08-13 00:26:44.060792+00,2025-08-13 00:26:46.307957+00
1097644128573554689,2025-08-13 00:26:44.370372+00,2025-08-13 00:26:46.547597+00,,1094730558715527169,Certified Loser Boy,2025-08-13 00:26:44.370362+00,2025-08-13 00:26:46.54758+00
1097644129298448385,2025-08-13 00:26:44.591905+00,2025-08-13 00:26:46.783378+00,,1094730559239651329,Premium :),2025-08-13 00:26:44.591883+00,2025-08-13 00:26:46.783332+00
1097644130063843329,2025-08-13 00:26:44.828304+00,2025-08-13 00:26:47.008091+00,,1094730559831605249,Mitch's QB Sneaks,2025-08-13 00:26:44.828268+00,2025-08-13 00:26:47.008071+00
1097644130798698497,2025-08-13 00:26:45.050225+00,2025-08-13 00:26:47.225844+00,,1094730560272891905,MITCH DOWN BAD,2025-08-13 00:26:45.050191+00,2025-08-13 00:26:47.225809+00
1097644131559866369,2025-08-13 00:26:45.281354+00,2025-08-13 00:26:47.47229+00,,1094730560901054465,Big Dick Daddy from Cincinnati,2025-08-13 00:26:45.281328+00,2025-08-13 00:26:47.472256+00
1097644132294164481,2025-08-13 00:26:45.509104+00,2025-08-13 00:26:50.307174+00,,1094730561517977601,Hans  Lichtinger,2025-08-13 00:26:45.509081+00,2025-08-13 00:26:50.307147+00
1097644133515395073,2025-08-13 00:26:45.871862+00,2025-08-13 00:26:48.518039+00,,1094730562427092993,George House Cumsluts,2025-08-13 00:26:45.871854+00,2025-08-13 00:26:48.517919+00
1097644134267551745,2025-08-13 00:26:46.107892+00,2025-08-13 00:26:48.745135+00,,1094730564354113537,GM Moran,2025-08-13 00:26:46.107882+00,2025-08-13 00:26:48.745115+00
1097644135010861057,2025-08-13 00:26:46.336076+00,2025-08-13 00:26:48.976257+00,,1094730558067343361,CEO Of Tuanon,2025-08-13 00:26:46.336068+00,2025-08-13 00:26:48.976209+00
1097644135822131201,2025-08-13 00:26:46.576391+00,2025-08-13 00:26:49.196822+00,,1094730558715527169,Christian Perc,2025-08-13 00:26:46.576376+00,2025-08-13 00:26:49.1968+00
1097644136557150209,2025-08-13 00:26:46.812133+00,2025-08-13 00:26:49.412615+00,,1094730559239651329,Chef Kelce,2025-08-13 00:26:46.81211+00,2025-08-13 00:26:49.412551+00
1097644137310224385,2025-08-13 00:26:47.035506+00,2025-08-13 00:26:49.642508+00,,1094730559831605249,Kupp Checks,2025-08-13 00:26:47.035499+00,2025-08-13 00:26:49.642418+00
1097644138059857921,2025-08-13 00:26:47.266627+00,2025-08-13 00:26:49.866732+00,,1094730560272891905,Riley Reid Option,2025-08-13 00:26:47.266613+00,2025-08-13 00:26:49.866698+00
1097644138812833793,2025-08-13 00:26:47.498112+00,2025-08-13 00:26:50.087449+00,,1094730560901054465,Penitentiary My Dear Watson,2025-08-13 00:26:47.498097+00,2025-08-13 00:26:50.087364+00
1097644142272053249,2025-08-13 00:26:48.550747+00,2025-08-13 00:26:50.666844+00,,1094730562427092993,No more Ls DeHaven,2025-08-13 00:26:48.550727+00,2025-08-13 00:26:50.666823+00
1097644143002517505,2025-08-13 00:26:48.774272+00,2025-08-13 00:26:50.899178+00,,1094730564354113537,Burrow Deez Nutz,2025-08-13 00:26:48.774233+00,2025-08-13 00:26:50.899158+00
1097644143737438209,2025-08-13 00:26:49.001832+00,2025-08-13 00:26:51.117328+00,,1094730558067343361,CeeDeez Nuts,2025-08-13 00:26:49.001794+00,2025-08-13 00:26:51.11726+00
1097644144472981505,2025-08-13 00:26:49.221726+00,2025-08-13 00:26:51.337791+00,,1094730558715527169,Herbie Fully Chubbed,2025-08-13 00:26:49.221703+00,2025-08-13 00:26:51.337756+00
1097644145189814273,2025-08-13 00:26:49.439993+00,2025-08-13 00:26:51.562151+00,,1094730559239651329,Tua these Nuts in ya mouth,2025-08-13 00:26:49.439916+00,2025-08-13 00:26:51.562137+00
1097644145932337153,2025-08-13 00:26:49.670871+00,2025-08-13 00:26:51.786931+00,,1094730559831605249,The glass legs,2025-08-13 00:26:49.670849+00,2025-08-13 00:26:51.786896+00
1097644146667094017,2025-08-13 00:26:49.895014+00,2025-08-13 00:26:52.037365+00,,1094730560272891905,The Nut Dumpster,2025-08-13 00:26:49.895005+00,2025-08-13 00:26:52.037303+00
1097644147404963841,2025-08-13 00:26:50.118847+00,2025-08-13 00:30:59.622443+00,,1094730560901054465,Daddy Doepker,2025-08-13 00:26:50.118813+00,2025-08-13 00:30:59.622373+00
1097644148115505153,2025-08-13 00:26:50.337557+00,2025-08-13 00:26:52.395463+00,,1094730561517977601,Chef Hans ,2025-08-13 00:26:50.337546+00,2025-08-13 00:26:52.395427+00
1097644149312159745,2025-08-13 00:26:50.696716+00,2025-08-13 00:26:52.759186+00,,1094730562427092993,Von Miller High Life,2025-08-13 00:26:50.696708+00,2025-08-13 00:26:52.75915+00
1097644150062252033,2025-08-13 00:26:50.927036+00,2025-08-13 00:26:52.992981+00,,1094730564354113537,Josh's Jaqs,2025-08-13 00:26:50.927023+00,2025-08-13 00:26:52.992965+00
1097644150778068993,2025-08-13 00:26:51.145078+00,2025-08-13 00:30:57.919932+00,,1094730558067343361,Tua Deez Nutz,2025-08-13 00:26:51.145039+00,2025-08-13 00:30:57.919852+00
1097644151498702849,2025-08-13 00:26:51.36542+00,2025-08-13 00:30:58.338111+00,,1094730558715527169,Christian Mingle,2025-08-13 00:26:51.36539+00,2025-08-13 00:30:58.338029+00
1097644152219566081,2025-08-13 00:26:51.588681+00,2025-08-13 00:30:58.59705+00,,1094730559239651329,Bake Show,2025-08-13 00:26:51.588667+00,2025-08-13 00:30:58.596966+00
1097644152969691137,2025-08-13 00:26:51.818783+00,2025-08-13 00:30:58.92701+00,,1094730559831605249,Omaha Audibles,2025-08-13 00:26:51.818755+00,2025-08-13 00:30:58.926907+00
1097644153820282881,2025-08-13 00:26:52.073546+00,2025-08-13 00:30:59.18445+00,,1094730560272891905,The Nut Dumper,2025-08-13 00:26:52.073509+00,2025-08-13 00:30:59.184395+00
1097644154950090753,2025-08-13 00:26:52.423324+00,2025-08-13 00:30:59.940345+00,,1094730561517977601,Chef Hans,2025-08-13 00:26:52.423246+00,2025-08-13 00:30:59.94023+00
1097644156191244289,2025-08-13 00:26:52.796629+00,2025-08-13 00:31:00.455753+00,,1094730562427092993,BbwBearcats ,2025-08-13 00:26:52.796591+00,2025-08-13 00:31:00.455712+00
1097644156911943681,2025-08-13 00:26:53.020337+00,2025-08-13 00:31:00.688686+00,,1094730564354113537,Brock'd Up,2025-08-13 00:26:53.020328+00,2025-08-13 00:31:00.688656+00
1097644959706447873,2025-08-13 00:30:57.980314+00,2025-08-13 00:36:56.631169+00,,1094730558067343361,Playoff's Stepdad,2025-08-13 00:30:57.980295+00,2025-08-13 00:36:56.631036+00
1097644960897695745,2025-08-13 00:30:58.371894+00,2025-08-13 00:36:57.219044+00,,1094730558715527169,1920s  Fappers ,2025-08-13 00:30:58.371873+00,2025-08-13 00:36:57.218973+00
1097644961723514881,2025-08-13 00:30:58.625807+00,2025-08-23 01:11:24.764777+00,,1094730559239651329,Premium :),2025-08-13 00:30:58.625775+00,2025-08-23 01:11:24.764729+00
1097644962814328833,2025-08-13 00:30:58.954684+00,2025-08-23 01:11:24.993542+00,,1094730559831605249,Mitch's QB Sneaks,2025-08-13 00:30:58.954661+00,2025-08-23 01:11:24.993466+00
1097644963731177473,2025-08-13 00:30:59.220979+00,2025-08-13 00:36:57.717308+00,,1094730560272891905,INDIE THE GUARD DOG,2025-08-13 00:30:59.22092+00,2025-08-13 00:36:57.717239+00
1097644965104287745,2025-08-13 00:30:59.654261+00,2025-08-13 00:40:52.626668+00,,1094730560901054465,Big Dick Daddy From Cincinnati,2025-08-13 00:30:59.654239+00,2025-08-13 00:40:52.626651+00
1097644966145720321,2025-08-13 00:30:59.971653+00,2025-08-13 00:36:58.204107+00,,1094730561517977601,Video Games with Ellen,2025-08-13 00:30:59.97157+00,2025-08-13 00:36:58.204012+00
1097644967866728449,2025-08-13 00:31:00.486199+00,2025-08-13 00:36:58.570198+00,,1094730562427092993,Simps for  gritty wins,2025-08-13 00:31:00.48616+00,2025-08-13 00:36:58.57015+00
1097644968602009601,2025-08-13 00:31:00.720991+00,2025-08-13 00:36:58.826819+00,,1094730564354113537,GM Moran,2025-08-13 00:31:00.720965+00,2025-08-13 00:36:58.826657+00
1097646135123968001,2025-08-13 00:36:56.686669+00,2025-08-13 00:40:51.157574+00,,1094730558067343361,Michelle's Banana Bread,2025-08-13 00:36:56.686644+00,2025-08-13 00:40:51.157382+00
1097646136170872833,2025-08-13 00:36:57.030965+00,2025-08-13 00:36:57.030965+00,,1097646136082563073,lil crackhoor,2025-08-13 00:36:57.030923+00,
1097646136865128449,2025-08-13 00:36:57.244086+00,2025-08-13 00:40:51.665242+00,,1094730558715527169,0 P 5 S ,2025-08-13 00:36:57.244057+00,2025-08-13 00:40:51.665208+00
1097646138516930561,2025-08-13 00:36:57.74489+00,2025-08-13 00:40:52.324441+00,,1094730560272891905,BURNS CHASTITY BELT,2025-08-13 00:36:57.744847+00,2025-08-13 00:40:52.324414+00
1097646139490926593,2025-08-13 00:36:58.044138+00,2025-08-13 00:40:52.840642+00,,1097646139402125313,Seperation Anxiety,2025-08-13 00:36:58.044108+00,2025-08-13 00:40:52.840594+00
1097646140116041729,2025-08-13 00:36:58.233208+00,2025-08-13 00:40:53.15274+00,,1094730561517977601,Zoo Lights  With Ellen,2025-08-13 00:36:58.233148+00,2025-08-13 00:40:53.152692+00
1097646141314269185,2025-08-13 00:36:58.597878+00,2025-08-13 00:40:53.594264+00,,1094730562427092993,Team 3 finger combo,2025-08-13 00:36:58.597825+00,2025-08-13 00:40:53.594231+00
1097646142154702849,2025-08-13 00:36:58.856721+00,2025-08-23 01:11:26.581109+00,,1094730564354113537,Team Moran,2025-08-13 00:36:58.856683+00,2025-08-23 01:11:26.581092+00
1097646903595106305,2025-08-13 00:40:51.207711+00,2025-08-23 01:11:24.14911+00,,1094730558067343361,Connor's Stepdad,2025-08-13 00:40:51.207693+00,2025-08-23 01:11:24.149005+00
1097646905113116673,2025-08-13 00:40:51.693129+00,2025-08-22 20:12:11.669874+00,,1094730558715527169,2 P 1 S ,2025-08-13 00:40:51.693102+00,2025-08-22 20:12:11.669768+00
1097646907557314561,2025-08-13 00:40:52.438937+00,2025-08-22 20:12:12.228161+00,,1094730560272891905,Small Dick Nick,2025-08-13 00:40:52.438914+00,2025-08-22 20:12:12.22814+00
1097646908277391361,2025-08-13 00:40:52.655747+00,2025-08-23 01:11:25.532402+00,,1094730560901054465,Saving Matt Ryan's Privates,2025-08-13 00:40:52.65572+00,2025-08-23 01:11:25.532335+00
1097646909270949889,2025-08-13 00:40:52.869478+00,2025-08-22 20:12:12.594969+00,,1097646139402125313,Smegma Balls,2025-08-13 00:40:52.869452+00,2025-08-22 20:12:12.594917+00
1097646909984145409,2025-08-13 00:40:53.179006+00,2025-08-22 20:12:12.835021+00,,1094730561517977601,Hans Vinny,2025-08-13 00:40:53.178945+00,2025-08-22 20:12:12.834997+00
1097646911432753153,2025-08-13 00:40:53.62128+00,2025-08-23 01:11:26.329517+00,,1094730562427092993,Team Cryin after sex,2025-08-13 00:40:53.621267+00,2025-08-23 01:11:26.32949+00
1100425238295150593,2025-08-22 20:12:11.729378+00,2025-08-23 01:11:24.504906+00,,1094730558715527169,Hernandez's Hitmen ,2025-08-22 20:12:11.729324+00,2025-08-23 01:11:24.504879+00
1100425239942692865,2025-08-22 20:12:12.257431+00,2025-08-23 01:11:25.241517+00,,1094730560272891905,Kevin's Microdongs,2025-08-22 20:12:12.257413+00,2025-08-23 01:11:25.241476+00
1100425241140920321,2025-08-22 20:12:12.622706+00,2025-08-24 00:30:00.676309+00,,1097646139402125313,2 Days Since Cigs,2025-08-22 20:12:12.62266+00,2025-08-24 00:30:00.676243+00
1100425241908477953,2025-08-22 20:12:12.860087+00,2025-08-23 01:11:25.848371+00,,1094730561517977601,Hans Lichtinger,2025-08-22 20:12:12.860071+00,2025-08-23 01:11:25.848338+00
1100425242643759105,2025-08-22 20:12:13.084201+00,2025-08-23 01:11:26.084693+00,,1094730561944420353,Walker texas  Nutter,2025-08-22 20:12:13.084188+00,2025-08-23 01:11:26.084645+00
1100484065144635393,2025-08-23 01:11:24.204174+00,2025-08-23 23:19:50.490406+00,,1094730558067343361,Tua Deez Nutz,2025-08-23 01:11:24.204151+00,2025-08-23 23:19:50.490321+00
1100484066161065985,2025-08-23 01:11:24.545821+00,2025-08-23 23:19:50.802641+00,,1094730558715527169,Christian Mingle,2025-08-23 01:11:24.545807+00,2025-08-23 23:19:50.802585+00
1100484066984984577,2025-08-23 01:11:24.791966+00,2025-08-23 23:19:51.028656+00,,1094730559239651329,Bake Show,2025-08-23 01:11:24.791941+00,2025-08-23 23:19:51.028623+00
1100484067720495105,2025-08-23 01:11:25.020788+00,2025-08-23 23:19:51.256193+00,,1094730559831605249,Omaha Audibles,2025-08-23 01:11:25.020749+00,2025-08-23 23:19:51.256155+00
1100484068544380929,2025-08-23 01:11:25.274071+00,2025-08-23 23:19:51.487901+00,,1094730560272891905,The Nut Dumper,2025-08-23 01:11:25.274054+00,2025-08-23 23:19:51.487821+00
1100484069634441217,2025-08-23 01:11:25.604445+00,2025-08-23 23:54:01.568409+00,,1094730560901054465,Daddy Doepker,2025-08-23 01:11:25.604421+00,2025-08-23 23:54:01.568368+00
1100484070521602049,2025-08-23 01:11:25.875684+00,2025-08-23 23:19:51.862567+00,,1094730561517977601,Chef Hans,2025-08-23 01:11:25.87567+00,2025-08-23 23:19:51.862468+00
1100484071300235265,2025-08-23 01:11:26.113488+00,2025-09-09 14:55:54.508026+00,,1094730561944420353,Walker Texas  Nutter,2025-08-23 01:11:26.113455+00,2025-09-09 14:55:54.507939+00
1100484072112881665,2025-08-23 01:11:26.361669+00,2025-08-23 23:19:52.258281+00,,1094730562427092993,BbwBearcats ,2025-08-23 01:11:26.361656+00,2025-08-23 23:19:52.25823+00
1100484072964096001,2025-08-23 01:11:26.619621+00,2025-08-23 23:19:52.518376+00,,1094730564354113537,Brock'd Up,2025-08-23 01:11:26.619611+00,2025-08-23 23:19:52.518349+00
1100745246927945729,2025-08-23 23:19:50.549645+00,2025-08-23 23:54:00.33197+00,,1094730558067343361,CeeDeez Nuts,2025-08-23 23:19:50.54962+00,2025-08-23 23:54:00.331801+00
1100745247758778369,2025-08-23 23:19:50.834029+00,2025-08-23 23:54:00.648113+00,,1094730558715527169,Herbie Fully Chubbed,2025-08-23 23:19:50.833965+00,2025-08-23 23:54:00.648019+00
1100745248509100033,2025-08-23 23:19:51.05971+00,2025-08-23 23:54:00.880964+00,,1094730559239651329,Tua these Nuts in ya mouth,2025-08-23 23:19:51.059679+00,2025-08-23 23:54:00.8809+00
1100745249264238593,2025-08-23 23:19:51.28886+00,2025-08-23 23:54:01.110791+00,,1094730559831605249,The glass legs,2025-08-23 23:19:51.28885+00,2025-08-23 23:54:01.11066+00
1100745250019377153,2025-08-23 23:19:51.514371+00,2025-08-23 23:54:01.335678+00,,1094730560272891905,The Nut Dumpster,2025-08-23 23:19:51.514318+00,2025-08-23 23:54:01.335616+00
1100745251233005569,2025-08-23 23:19:51.891476+00,2025-08-23 23:54:01.789128+00,,1094730561517977601,Chef Hans ,2025-08-23 23:19:51.891455+00,2025-08-23 23:54:01.789109+00
1100745252568465409,2025-08-23 23:19:52.287064+00,2025-08-23 23:54:02.158044+00,,1094730562427092993,Von Miller High Life,2025-08-23 23:19:52.287047+00,2025-08-23 23:54:02.157978+00
1100745253362860033,2025-08-23 23:19:52.542925+00,2025-08-23 23:54:02.388183+00,,1094730564354113537,Josh's Jaqs,2025-08-23 23:19:52.54291+00,2025-08-23 23:54:02.38814+00
1100751963805745153,2025-08-23 23:54:00.39253+00,2025-08-24 00:04:14.71926+00,,1094730558067343361,CEO Of Tuanon,2025-08-23 23:54:00.392457+00,2025-08-24 00:04:14.718104+00
1100751964648341505,2025-08-23 23:54:00.675092+00,2025-08-24 00:04:15.047438+00,,1094730558715527169,Christian Perc,2025-08-23 23:54:00.675045+00,2025-08-24 00:04:15.047415+00
1100751965415997441,2025-08-23 23:54:00.910263+00,2025-08-24 00:04:15.32092+00,,1094730559239651329,Chef Kelce,2025-08-23 23:54:00.910186+00,2025-08-24 00:04:15.320896+00
1100751966151409665,2025-08-23 23:54:01.138807+00,2025-08-24 00:04:15.591778+00,,1094730559831605249,Kupp Checks,2025-08-23 23:54:01.138759+00,2025-08-24 00:04:15.591723+00
1100751966915756033,2025-08-23 23:54:01.367563+00,2025-08-24 00:04:15.856538+00,,1094730560272891905,Riley Reid Option,2025-08-23 23:54:01.367513+00,2025-08-24 00:04:15.856461+00
1100751967681740801,2025-08-23 23:54:01.603762+00,2025-08-24 00:04:16.075105+00,,1094730560901054465,Penitentiary My Dear Watson,2025-08-23 23:54:01.603711+00,2025-08-24 00:04:16.074981+00
1100751968389169153,2025-08-23 23:54:01.816434+00,2025-08-24 00:16:26.40294+00,,1094730561517977601,Hans  Lichtinger,2025-08-23 23:54:01.816427+00,2025-08-24 00:16:26.402891+00
1100751969592705025,2025-08-23 23:54:02.183969+00,2025-08-24 00:04:16.616978+00,,1094730562427092993,No more Ls DeHaven,2025-08-23 23:54:02.183936+00,2025-08-24 00:04:16.616881+00
1100751970357968897,2025-08-23 23:54:02.416904+00,2025-08-24 00:04:16.891342+00,,1094730564354113537,Burrow Deez Nutz,2025-08-23 23:54:02.416857+00,2025-08-24 00:04:16.891272+00
1100753976892751873,2025-08-24 00:04:14.767064+00,2025-08-24 00:16:25.095128+00,,1094730558067343361,Waffle Boy,2025-08-24 00:04:14.76705+00,2025-08-24 00:16:25.094992+00
1100753977845448705,2025-08-24 00:04:15.085192+00,2025-08-24 00:16:25.408615+00,,1094730558715527169,Certified Loser Boy,2025-08-24 00:04:15.08518+00,2025-08-24 00:16:25.4086+00
1100753978755973121,2025-08-24 00:04:15.35767+00,2025-08-24 03:49:52.290601+00,,1094730559239651329,Premium :),2025-08-24 00:04:15.357651+00,2025-08-24 03:49:52.290583+00
1100753979593752577,2025-08-24 00:04:15.6211+00,2025-08-24 03:49:52.529044+00,,1094730559831605249,Mitch's QB Sneaks,2025-08-24 00:04:15.621013+00,2025-08-24 03:49:52.52903+00
1100753980456894465,2025-08-24 00:04:15.884802+00,2025-08-24 00:16:25.944725+00,,1094730560272891905,MITCH DOWN BAD,2025-08-24 00:04:15.884758+00,2025-08-24 00:16:25.944698+00
1100753981192765441,2025-08-24 00:04:16.106699+00,2025-08-24 00:16:26.18015+00,,1094730560901054465,Big Dick Daddy from Cincinnati,2025-08-24 00:04:16.106672+00,2025-08-24 00:16:26.18013+00
1100753982997757953,2025-08-24 00:04:16.655883+00,2025-08-24 00:16:26.769046+00,,1094730562427092993,George House Cumsluts,2025-08-24 00:04:16.65584+00,2025-08-24 00:16:26.769027+00
1100753983863029761,2025-08-24 00:04:16.921757+00,2025-08-24 00:30:01.62175+00,,1094730564354113537,GM Moran,2025-08-24 00:04:16.921708+00,2025-08-24 00:30:01.621738+00
1100756370244435969,2025-08-24 00:16:25.166987+00,2025-08-24 00:29:59.128778+00,,1094730558067343361,Playoff's Stepdad,2025-08-24 00:16:25.166945+00,2025-08-24 00:29:59.128702+00
1100756371053379585,2025-08-24 00:16:25.442228+00,2025-08-24 00:29:59.66724+00,,1094730558715527169,1920s  Fappers ,2025-08-24 00:16:25.442215+00,2025-08-24 00:29:59.667213+00
1100756372791164929,2025-08-24 00:16:25.97285+00,2025-08-24 00:30:00.258581+00,,1094730560272891905,INDIE THE GUARD DOG,2025-08-24 00:16:25.972837+00,2025-08-24 00:30:00.258496+00
1100756373548662785,2025-08-24 00:16:26.20557+00,2025-08-24 03:49:53.013851+00,,1094730560901054465,Big Dick Daddy From Cincinnati,2025-08-24 00:16:26.205265+00,2025-08-24 03:49:53.013826+00
1100756374286270465,2025-08-24 00:16:26.428553+00,2025-08-24 00:30:00.949399+00,,1094730561517977601,Video Games with Ellen,2025-08-24 00:16:26.42833+00,2025-08-24 00:30:00.949345+00
1100756375522344961,2025-08-24 00:16:26.805088+00,2025-08-24 00:30:01.367467+00,,1094730562427092993,Simps for  gritty wins,2025-08-24 00:16:26.805063+00,2025-08-24 00:30:01.367391+00
1100759037764894721,2025-08-24 00:29:59.215791+00,2025-08-24 03:49:51.707069+00,,1094730558067343361,Michelle's Banana Bread,2025-08-24 00:29:59.215757+00,2025-08-24 03:49:51.70697+00
1100759039192170497,2025-08-24 00:29:59.693176+00,2025-08-24 03:49:52.05831+00,,1094730558715527169,0 P 5 S ,2025-08-24 00:29:59.693165+00,2025-08-24 03:49:52.05822+00
1100759041180925953,2025-08-24 00:30:00.301314+00,2025-08-24 03:49:52.757553+00,,1094730560272891905,BURNS CHASTITY BELT,2025-08-24 00:30:00.301264+00,2025-08-24 03:49:52.757538+00
1100759042522021889,2025-08-24 00:30:00.714478+00,2025-08-24 00:30:00.714478+00,,1097646139402125313,Seperation Anxiety,2025-08-24 00:30:00.714443+00,
1100759043421274113,2025-08-24 00:30:00.985026+00,2025-08-24 03:49:53.245922+00,,1094730561517977601,Zoo Lights  With Ellen,2025-08-24 00:30:00.984985+00,2025-08-24 03:49:53.24587+00
1100759044796547073,2025-08-24 00:30:01.404123+00,2025-08-24 03:49:53.604372+00,,1094730562427092993,Team 3 finger combo,2025-08-24 00:30:01.404042+00,2025-08-24 03:49:53.604297+00
1100759045606309889,2025-08-24 00:30:01.652511+00,2025-08-24 03:49:53.826354+00,,1094730564354113537,Team Moran,2025-08-24 00:30:01.652503+00,2025-08-24 03:49:53.826329+00
1100798335076892673,2025-08-24 03:49:51.773072+00,2025-08-24 04:02:51.472834+00,,1094730558067343361,CeeDeez Nuts,2025-08-24 03:49:51.773013+00,2025-08-24 04:02:51.472791+00
1100798336032899073,2025-08-24 03:49:52.093314+00,2025-08-24 04:02:51.802221+00,,1094730558715527169,Herbie Fully Chubbed,2025-08-24 03:49:52.093272+00,2025-08-24 04:02:51.802156+00
1100798336839221249,2025-08-24 03:49:52.340741+00,2025-08-24 04:02:52.047056+00,,1094730559239651329,Tua these Nuts in ya mouth,2025-08-24 03:49:52.340697+00,2025-08-24 04:02:52.046975+00
1100798337560150017,2025-08-24 03:49:52.557539+00,2025-08-24 04:02:52.269532+00,,1094730559831605249,The glass legs,2025-08-24 03:49:52.557529+00,2025-08-24 04:02:52.269511+00
1100798338324135937,2025-08-24 03:49:52.78685+00,2025-08-24 04:02:52.503579+00,,1094730560272891905,The Nut Dumpster,2025-08-24 03:49:52.786838+00,2025-08-24 04:02:52.503512+00
1100798339148251137,2025-08-24 03:49:53.045781+00,2025-08-24 04:14:35.469129+00,,1094730560901054465,Daddy Doepker,2025-08-24 03:49:53.045766+00,2025-08-24 04:14:35.46911+00
1100798339885105153,2025-08-24 03:49:53.269614+00,2025-08-24 04:02:52.902364+00,,1094730561517977601,Chef Hans ,2025-08-24 03:49:53.269561+00,2025-08-24 04:02:52.90228+00
1100798341081432065,2025-08-24 03:49:53.631435+00,2025-08-24 04:02:53.30234+00,,1094730562427092993,Von Miller High Life,2025-08-24 03:49:53.631384+00,2025-08-24 04:02:53.302309+00
1100798341837029377,2025-08-24 03:49:53.861118+00,2025-08-24 04:02:53.548899+00,,1094730564354113537,Josh's Jaqs,2025-08-24 03:49:53.861107+00,2025-08-24 04:02:53.548865+00
1100800890108182529,2025-08-24 04:02:51.530142+00,2025-08-24 04:14:34.252665+00,,1094730558067343361,Tua Deez Nutz,2025-08-24 04:02:51.53013+00,2025-08-24 04:14:34.252241+00
1100800891004846081,2025-08-24 04:02:51.830681+00,2025-08-24 04:14:34.561042+00,,1094730558715527169,Christian Mingle,2025-08-24 04:02:51.830665+00,2025-08-24 04:14:34.561023+00
1100800891802058753,2025-08-24 04:02:52.07462+00,2025-08-24 04:14:34.783666+00,,1094730559239651329,Bake Show,2025-08-24 04:02:52.074574+00,2025-08-24 04:14:34.783632+00
1100800892537634817,2025-08-24 04:02:52.299403+00,2025-08-24 04:14:35.01315+00,,1094730559831605249,Omaha Audibles,2025-08-24 04:02:52.298848+00,2025-08-24 04:14:35.013127+00
1100800893311844353,2025-08-24 04:02:52.534844+00,2025-08-24 04:14:35.24209+00,,1094730560272891905,The Nut Dumper,2025-08-24 04:02:52.534812+00,2025-08-24 04:14:35.242067+00
1100800894624038913,2025-08-24 04:02:52.933466+00,2025-08-24 04:14:35.69706+00,,1094730561517977601,Chef Hans,2025-08-24 04:02:52.933429+00,2025-08-24 04:14:35.697005+00
1100800895932104705,2025-08-24 04:02:53.334353+00,2025-08-24 04:14:36.045632+00,,1094730562427092993,BbwBearcats ,2025-08-24 04:02:53.334326+00,2025-08-24 04:14:36.044196+00
1100800896741572609,2025-08-24 04:02:53.581274+00,2025-08-24 04:14:36.27553+00,,1094730564354113537,Brock'd Up,2025-08-24 04:02:53.581251+00,2025-08-24 04:14:36.275488+00
1100803192948359169,2025-08-24 04:14:34.305818+00,2025-08-24 04:26:23.585275+00,,1094730558067343361,CEO Of Tuanon,2025-08-24 04:14:34.305788+00,2025-08-24 04:26:23.585237+00
1100803193772441601,2025-08-24 04:14:34.587857+00,2025-08-24 04:26:23.89182+00,,1094730558715527169,Christian Perc,2025-08-24 04:14:34.587845+00,2025-08-24 04:26:23.891807+00
1100803194499792897,2025-08-24 04:14:34.810082+00,2025-08-24 04:26:24.115426+00,,1094730559239651329,Chef Kelce,2025-08-24 04:14:34.810066+00,2025-08-24 04:26:24.115401+00
1100803195264565249,2025-08-24 04:14:35.042124+00,2025-08-24 04:26:24.333397+00,,1094730559831605249,Kupp Checks,2025-08-24 04:14:35.042118+00,2025-08-24 04:26:24.333376+00
1100803196024881153,2025-08-24 04:14:35.274669+00,2025-08-24 04:26:24.551041+00,,1094730560272891905,Riley Reid Option,2025-08-24 04:14:35.274632+00,2025-08-24 04:26:24.550999+00
1100803196759506945,2025-08-24 04:14:35.496604+00,2025-08-24 04:26:24.767474+00,,1094730560901054465,Penitentiary My Dear Watson,2025-08-24 04:14:35.496592+00,2025-08-24 04:26:24.767436+00
1100803197480534017,2025-08-24 04:14:35.72068+00,2025-08-24 04:37:26.346073+00,,1094730561517977601,Hans  Lichtinger,2025-08-24 04:14:35.720649+00,2025-08-24 04:37:26.346006+00
1100803198657331201,2025-08-24 04:14:36.071537+00,2025-08-24 04:26:25.27276+00,,1094730562427092993,No more Ls DeHaven,2025-08-24 04:14:36.071523+00,2025-08-24 04:26:25.272731+00
1100803199434686465,2025-08-24 04:14:36.303877+00,2025-08-24 04:26:25.489538+00,,1094730564354113537,Burrow Deez Nutz,2025-08-24 04:14:36.303864+00,2025-08-24 04:26:25.489502+00
1100805517292797953,2025-08-24 04:26:23.651383+00,2025-08-24 04:37:25.054056+00,,1094730558067343361,Waffle Boy,2025-08-24 04:26:23.651372+00,2025-08-24 04:37:25.05331+00
1100805518119010305,2025-08-24 04:26:23.919956+00,2025-08-24 04:37:25.3686+00,,1094730558715527169,Certified Loser Boy,2025-08-24 04:26:23.919946+00,2025-08-24 04:37:25.368578+00
1100805518844887041,2025-08-24 04:26:24.141901+00,2025-08-24 18:59:59.912188+00,,1094730559239651329,Premium :),2025-08-24 04:26:24.141871+00,2025-08-24 18:59:59.912176+00
1100805519569944577,2025-08-24 04:26:24.363003+00,2025-08-24 19:00:00.289914+00,,1094730559831605249,Mitch's QB Sneaks,2025-08-24 04:26:24.362982+00,2025-08-24 19:00:00.289894+00
1100805520275898369,2025-08-24 04:26:24.578499+00,2025-08-24 04:37:25.867496+00,,1094730560272891905,MITCH DOWN BAD,2025-08-24 04:26:24.578466+00,2025-08-24 04:37:25.867393+00
1100805520985325569,2025-08-24 04:26:24.794777+00,2025-08-24 04:37:26.114106+00,,1094730560901054465,Big Dick Daddy from Cincinnati,2025-08-24 04:26:24.794763+00,2025-08-24 04:37:26.114072+00
1100805522629591041,2025-08-24 04:26:25.301106+00,2025-08-24 04:37:26.726041+00,,1094730562427092993,George House Cumsluts,2025-08-24 04:26:25.301092+00,2025-08-24 04:37:26.725906+00
1100805523335413761,2025-08-24 04:26:25.515264+00,2025-08-24 04:50:14.392516+00,,1094730564354113537,GM Moran,2025-08-24 04:26:25.515246+00,2025-08-24 04:50:14.392406+00
1100807684787830785,2025-08-24 04:37:25.110408+00,2025-08-24 04:50:12.294138+00,,1094730558067343361,Playoff's Stepdad,2025-08-24 04:37:25.110377+00,2025-08-24 04:50:12.294085+00
1100807685616205825,2025-08-24 04:37:25.394781+00,2025-08-24 04:50:12.748516+00,,1094730558715527169,1920s  Fappers ,2025-08-24 04:37:25.39476+00,2025-08-24 04:50:12.748427+00
1100807687278723073,2025-08-24 04:37:25.898977+00,2025-08-24 04:50:13.287609+00,,1094730560272891905,INDIE THE GUARD DOG,2025-08-24 04:37:25.898952+00,2025-08-24 04:50:13.287535+00
1100807688072953857,2025-08-24 04:37:26.140609+00,2025-08-24 19:00:00.953935+00,,1094730560901054465,Big Dick Daddy From Cincinnati,2025-08-24 04:37:26.140578+00,2025-08-24 19:00:00.953899+00
1100807688855027713,2025-08-24 04:37:26.379929+00,2025-08-24 04:50:13.808499+00,,1094730561517977601,Video Games with Ellen,2025-08-24 04:37:26.379879+00,2025-08-24 04:50:13.808485+00
1100807690122362881,2025-08-24 04:37:26.763706+00,2025-08-24 04:50:14.167057+00,,1094730562427092993,Simps for  gritty wins,2025-08-24 04:37:26.763663+00,2025-08-24 04:50:14.167002+00
1100810198805020673,2025-08-24 04:50:12.350732+00,2025-08-24 18:59:59.18741+00,,1094730558067343361,Michelle's Banana Bread,2025-08-24 04:50:12.35071+00,2025-08-24 18:59:59.187378+00
1100810200114036737,2025-08-24 04:50:12.776581+00,2025-08-24 18:59:59.678893+00,,1094730558715527169,0 P 5 S ,2025-08-24 04:50:12.776552+00,2025-08-24 18:59:59.678865+00
1100810201864372225,2025-08-24 04:50:13.315403+00,2025-08-24 19:00:00.617007+00,,1094730560272891905,BURNS CHASTITY BELT,2025-08-24 04:50:13.315382+00,2025-08-24 19:00:00.616993+00
1100810203583053825,2025-08-24 04:50:13.835784+00,2025-08-24 19:00:01.685407+00,,1094730561517977601,Zoo Lights  With Ellen,2025-08-24 04:50:13.835768+00,2025-08-24 19:00:01.685351+00
1100810204762013697,2025-08-24 04:50:14.194928+00,2025-08-24 19:00:03.006586+00,,1094730562427092993,Team 3 finger combo,2025-08-24 04:50:14.194884+00,2025-08-24 19:00:03.00655+00
1100810205482844161,2025-08-24 04:50:14.418213+00,2025-08-24 19:00:03.407123+00,,1094730564354113537,Team Moran,2025-08-24 04:50:14.418168+00,2025-08-24 19:00:03.407049+00
1100977272949604353,2025-08-24 18:59:59.25602+00,2025-09-09 14:55:52.761274+00,,1094730558067343361,CeeDeez Nuts,2025-08-24 18:59:59.255986+00,2025-09-09 14:55:52.76116+00
1100977274353975297,2025-08-24 18:59:59.713483+00,2025-09-09 14:55:53.079977+00,,1094730558715527169,Herbie Fully Chubbed,2025-08-24 18:59:59.713469+00,2025-09-09 14:55:53.079922+00
1100977275337113601,2025-08-24 19:00:00.013055+00,2025-09-09 14:55:53.324064+00,,1094730559239651329,Tua these Nuts in ya mouth,2025-08-24 19:00:00.013037+00,2025-09-09 14:55:53.323995+00
1100977276342370305,2025-08-24 19:00:00.317497+00,2025-09-09 14:55:53.560411+00,,1094730559831605249,The glass legs,2025-08-24 19:00:00.317486+00,2025-09-09 14:55:53.560384+00
1100977277699489793,2025-08-24 19:00:00.728425+00,2025-09-09 14:55:53.788142+00,,1094730560272891905,The Nut Dumpster,2025-08-24 19:00:00.728401+00,2025-09-09 14:55:53.787993+00
1100977278771789825,2025-08-24 19:00:01.060909+00,2025-09-09 14:55:54.036019+00,,1094730560901054465,Daddy Doepker,2025-08-24 19:00:01.060896+00,2025-09-09 14:55:54.035964+00
1100977281406697473,2025-08-24 19:00:01.852289+00,2025-09-09 14:55:54.270002+00,,1094730561517977601,Chef Hans ,2025-08-24 19:00:01.85227+00,2025-09-09 14:55:54.269939+00
1100977285253169153,2025-08-24 19:00:03.03576+00,2025-09-09 14:55:54.737107+00,,1094730562427092993,Von Miller High Life,2025-08-24 19:00:03.035746+00,2025-09-09 14:55:54.737052+00
1100977286569558017,2025-08-24 19:00:03.437947+00,2025-09-09 14:55:54.954868+00,,1094730564354113537,Josh's Jaqs,2025-08-24 19:00:03.437893+00,2025-09-09 14:55:54.953549+00
1105459127717462017,2025-09-09 14:55:52.823007+00,2025-10-30 15:54:04.536111+00,,1094730558067343361,Tua Deez Nutz,2025-09-09 14:55:52.822972+00,2025-10-30 15:54:04.536017+00
1105459128570511361,2025-09-09 14:55:53.108451+00,2025-09-16 21:49:26.751589+00,,1094730558715527169,Stuart Kittle,2025-09-09 14:55:53.108426+00,2025-09-16 21:49:26.751505+00
1105459129384861697,2025-09-09 14:55:53.359029+00,2025-09-16 21:49:27.039778+00,,1094730559239651329,Connor,2025-09-09 14:55:53.359009+00,2025-09-16 21:49:27.039739+00
1105459130151829505,2025-09-09 14:55:53.592871+00,2025-09-16 21:49:27.283058+00,,1094730559831605249,MarlBurrow Men,2025-09-09 14:55:53.592866+00,2025-09-16 21:49:27.282992+00
1105459130928824321,2025-09-09 14:55:53.822454+00,2025-09-16 21:49:27.529535+00,,1094730560272891905,Nabers Think I'm Selling Dope,2025-09-09 14:55:53.822405+00,2025-09-16 21:49:27.529485+00
1105459131686912001,2025-09-09 14:55:54.062001+00,2025-09-16 21:49:27.756269+00,,1094730560901054465,Hand Off My Penix,2025-09-09 14:55:54.061956+00,2025-09-16 21:49:27.756254+00
1105459132471246849,2025-09-09 14:55:54.298068+00,2025-09-09 14:55:54.298068+00,,1094730561517977601,Chef Hans,2025-09-09 14:55:54.298002+00,
1105459133266886657,2025-09-09 14:55:54.542504+00,2025-09-16 21:49:28.12536+00,,1094730561944420353,Nutter SZN,2025-09-09 14:55:54.542473+00,2025-09-16 21:49:28.125317+00
1105459133980344321,2025-09-09 14:55:54.7615+00,2025-09-09 14:55:54.7615+00,,1094730562427092993,BbwBearcats ,2025-09-09 14:55:54.761413+00,
1105459134701535233,2025-09-09 14:55:54.982461+00,2025-09-09 14:55:54.982461+00,,1094730564354113537,Brock'd Up,2025-09-09 14:55:54.982429+00,
1107522247078084609,2025-09-16 21:49:26.807169+00,2025-09-16 21:49:28.776506+00,,1094730558715527169,Christian Mingle,2025-09-16 21:49:26.807119+00,2025-09-16 21:49:28.775987+00
1107522247830142977,2025-09-16 21:49:27.06904+00,2025-09-16 21:49:29.005982+00,,1094730559239651329,Bake Show,2025-09-16 21:49:27.069012+00,2025-09-16 21:49:29.005963+00
1107522248683749377,2025-09-16 21:49:27.319496+00,2025-09-16 21:49:29.221492+00,,1094730559831605249,Omaha Audibles,2025-09-16 21:49:27.319468+00,2025-09-16 21:49:29.221454+00
1107522249433251841,2025-09-16 21:49:27.555515+00,2025-09-16 21:49:29.468725+00,,1094730560272891905,The Nut Dumper,2025-09-16 21:49:27.555463+00,2025-09-16 21:49:29.468667+00
1107522250187735041,2025-09-16 21:49:27.78565+00,2025-09-16 21:49:29.693148+00,,1094730560901054465,Daddy Doepker,2025-09-16 21:49:27.785644+00,2025-09-16 21:49:29.693052+00
1107522251411685377,2025-09-16 21:49:28.156627+00,2025-09-16 21:49:30.071656+00,,1094730561944420353,Walker Texas  Nutter,2025-09-16 21:49:28.1566+00,2025-09-16 21:49:30.071618+00
1107522253526630401,2025-09-16 21:49:28.805462+00,2025-09-24 13:24:58.032452+00,,1094730558715527169,Stuart Kittle,2025-09-16 21:49:28.805431+00,2025-09-24 13:24:58.03241+00
1107522254269546497,2025-09-16 21:49:29.031546+00,2025-09-24 13:24:58.31019+00,,1094730559239651329,Connor,2025-09-16 21:49:29.031533+00,2025-09-24 13:24:58.310142+00
1107522255024128001,2025-09-16 21:49:29.247734+00,2025-09-24 13:24:58.559311+00,,1094730559831605249,MarlBurrow Men,2025-09-16 21:49:29.247715+00,2025-09-24 13:24:58.559219+00
1107522255803842561,2025-09-16 21:49:29.496022+00,2025-09-24 13:24:58.768401+00,,1094730560272891905,Nabers Think I'm Selling Dope,2025-09-16 21:49:29.495998+00,2025-09-24 13:24:58.768337+00
1107522256531554305,2025-09-16 21:49:29.719675+00,2025-09-24 13:24:59.004856+00,,1094730560901054465,Hand Off My Penix,2025-09-16 21:49:29.71965+00,2025-09-24 13:24:59.004787+00
1107522257783717889,2025-09-16 21:49:30.101103+00,2025-09-24 13:24:59.382795+00,,1094730561944420353,Nutter SZN,2025-09-16 21:49:30.101083+00,2025-09-24 13:24:59.382723+00
1109687986452365313,2025-09-24 13:24:58.084035+00,2025-09-24 13:25:00.016493+00,,1094730558715527169,Christian Mingle,2025-09-24 13:24:58.084006+00,2025-09-24 13:25:00.016456+00
1109687987256197121,2025-09-24 13:24:58.346354+00,2025-09-24 13:25:00.237899+00,,1094730559239651329,Bake Show,2025-09-24 13:24:58.346312+00,2025-09-24 13:25:00.237843+00
1109687988009304065,2025-09-24 13:24:58.584394+00,2025-09-24 13:25:00.462228+00,,1094730559831605249,Omaha Audibles,2025-09-24 13:24:58.584341+00,2025-09-24 13:25:00.462137+00
1109687988715323393,2025-09-24 13:24:58.799909+00,2025-09-24 13:25:00.698906+00,,1094730560272891905,The Nut Dumper,2025-09-24 13:24:58.799845+00,2025-09-24 13:25:00.698817+00
1109687989487468545,2025-09-24 13:24:59.031832+00,2025-09-24 13:25:00.922541+00,,1094730560901054465,Daddy Doepker,2025-09-24 13:24:59.031788+00,2025-09-24 13:25:00.922498+00
1109687990725476353,2025-09-24 13:24:59.410663+00,2025-09-24 13:25:01.278475+00,,1094730561944420353,Walker Texas  Nutter,2025-09-24 13:24:59.410621+00,2025-09-24 13:25:01.278419+00
1109687992798871553,2025-09-24 13:25:00.044978+00,2025-10-01 02:44:13.822009+00,,1094730558715527169,Stuart Kittle,2025-09-24 13:25:00.044942+00,2025-10-01 02:44:13.821937+00
1109687993534545921,2025-09-24 13:25:00.267108+00,2025-10-01 02:44:14.142862+00,,1094730559239651329,Connor,2025-09-24 13:25:00.26707+00,2025-10-01 02:44:14.142794+00
1109687994289487873,2025-09-24 13:25:00.493509+00,2025-10-01 02:44:14.411583+00,,1094730559831605249,MarlBurrow Men,2025-09-24 13:25:00.493469+00,2025-10-01 02:44:14.411512+00
1109687995041644545,2025-09-24 13:25:00.730738+00,2025-10-01 02:44:14.699184+00,,1094730560272891905,Nabers Think I'm Selling Dope,2025-09-24 13:25:00.730698+00,2025-10-01 02:44:14.699115+00
1109687995778007041,2025-09-24 13:25:00.952164+00,2025-10-01 02:44:14.987765+00,,1094730560901054465,Hand Off My Penix,2025-09-24 13:25:00.95213+00,2025-10-01 02:44:14.987653+00
1109687996942221313,2025-09-24 13:25:01.307048+00,2025-10-01 02:44:15.447673+00,,1094730561944420353,Nutter SZN,2025-09-24 13:25:01.307023+00,2025-10-01 02:44:15.447615+00
1111543821065846785,2025-10-01 02:44:13.872663+00,2025-10-01 02:44:16.216896+00,,1094730558715527169,Christian Mingle,2025-10-01 02:44:13.872615+00,2025-10-01 02:44:16.21685+00
1111543821951369217,2025-10-01 02:44:14.171301+00,2025-10-01 02:44:16.472902+00,,1094730559239651329,Bake Show,2025-10-01 02:44:14.171202+00,2025-10-01 02:44:16.472819+00
1111543822868414465,2025-10-01 02:44:14.445425+00,2025-10-01 02:44:16.710994+00,,1094730559831605249,Omaha Audibles,2025-10-01 02:44:14.445363+00,2025-10-01 02:44:16.710955+00
1111543823812165633,2025-10-01 02:44:14.734529+00,2025-10-01 02:44:16.951614+00,,1094730560272891905,The Nut Dumper,2025-10-01 02:44:14.734485+00,2025-10-01 02:44:16.951561+00
1111543824725835777,2025-10-01 02:44:15.019006+00,2025-10-01 02:44:17.225713+00,,1094730560901054465,Daddy Doepker,2025-10-01 02:44:15.018938+00,2025-10-01 02:44:17.225685+00
1111543826272419841,2025-10-01 02:44:15.482851+00,2025-10-01 02:44:17.595976+00,,1094730561944420353,Walker Texas  Nutter,2025-10-01 02:44:15.48282+00,2025-10-01 02:44:17.595916+00
1111543828753776641,2025-10-01 02:44:16.247353+00,2025-10-07 18:34:01.681231+00,,1094730558715527169,Stuart Kittle,2025-10-01 02:44:16.247317+00,2025-10-07 18:34:01.681162+00
1111543829596733441,2025-10-01 02:44:16.505466+00,2025-10-07 18:34:01.984017+00,,1094730559239651329,Connor,2025-10-01 02:44:16.505419+00,2025-10-07 18:34:01.983937+00
1111543830376218625,2025-10-01 02:44:16.74598+00,2025-10-07 18:34:02.218604+00,,1094730559831605249,MarlBurrow Men,2025-10-01 02:44:16.745931+00,2025-10-07 18:34:02.218534+00
1111543831234150401,2025-10-01 02:44:16.981527+00,2025-10-07 18:34:02.478118+00,,1094730560272891905,Nabers Think I'm Selling Dope,2025-10-01 02:44:16.981472+00,2025-10-07 18:34:02.47807+00
1111543832045453313,2025-10-01 02:44:17.255139+00,2025-10-07 18:34:02.727381+00,,1094730560901054465,Hand Off My Penix,2025-10-01 02:44:17.255128+00,2025-10-07 18:34:02.727277+00
1111543833264357377,2025-10-01 02:44:17.626217+00,2025-10-07 18:34:03.131248+00,,1094730561944420353,Nutter SZN,2025-10-01 02:44:17.626178+00,2025-10-07 18:34:03.131178+00
1113429252058873857,2025-10-07 18:34:01.741135+00,2025-10-07 18:34:03.823962+00,,1094730558715527169,Christian Mingle,2025-10-07 18:34:01.741087+00,2025-10-07 18:34:03.823822+00
1113429252872208385,2025-10-07 18:34:02.017523+00,2025-10-07 18:34:04.063864+00,,1094730559239651329,Bake Show,2025-10-07 18:34:02.017428+00,2025-10-07 18:34:04.063796+00
1113429253667061761,2025-10-07 18:34:02.247533+00,2025-10-07 18:34:04.307813+00,,1094730559831605249,Omaha Audibles,2025-10-07 18:34:02.247454+00,2025-10-07 18:34:04.307734+00
1113429254497271809,2025-10-07 18:34:02.512003+00,2025-10-07 18:34:04.54623+00,,1094730560272891905,The Nut Dumper,2025-10-07 18:34:02.511958+00,2025-10-07 18:34:04.546156+00
1113429255316504577,2025-10-07 18:34:02.761808+00,2025-10-07 18:34:04.816169+00,,1094730560901054465,Daddy Doepker,2025-10-07 18:34:02.761773+00,2025-10-07 18:34:04.816083+00
1113429256613855233,2025-10-07 18:34:03.157812+00,2025-10-07 18:34:05.214611+00,,1094730561944420353,Walker Texas  Nutter,2025-10-07 18:34:03.157774+00,2025-10-07 18:34:05.214541+00
1113429258907615233,2025-10-07 18:34:03.857695+00,2025-10-15 20:43:30.214425+00,,1094730558715527169,Stuart Kittle,2025-10-07 18:34:03.85766+00,2025-10-15 20:43:30.214377+00
1113429259675140097,2025-10-07 18:34:04.09154+00,2025-10-15 20:43:30.515467+00,,1094730559239651329,Connor,2025-10-07 18:34:04.091504+00,2025-10-15 20:43:30.515415+00
1113429260483723265,2025-10-07 18:34:04.338659+00,2025-10-15 20:43:30.750406+00,,1094730559831605249,MarlBurrow Men,2025-10-07 18:34:04.33863+00,2025-10-15 20:43:30.750378+00
1113429261280313345,2025-10-07 18:34:04.58133+00,2025-10-15 20:43:30.970553+00,,1094730560272891905,Nabers Think I'm Selling Dope,2025-10-07 18:34:04.581283+00,2025-10-15 20:43:30.970508+00
1113429262150729729,2025-10-07 18:34:04.847431+00,2025-10-15 20:43:31.208348+00,,1094730560901054465,Hand Off My Penix,2025-10-07 18:34:04.847379+00,2025-10-15 20:43:31.207468+00
1113429263459581953,2025-10-07 18:34:05.247309+00,2025-10-15 20:43:31.563959+00,,1094730561944420353,Nutter SZN,2025-10-07 18:34:05.247278+00,2025-10-15 20:43:31.563915+00
1115719631957983233,2025-10-15 20:43:30.274407+00,2025-10-15 20:43:32.233435+00,,1094730558715527169,Christian Mingle,2025-10-15 20:43:30.27434+00,2025-10-15 20:43:32.233386+00
1115719632770465793,2025-10-15 20:43:30.547147+00,2025-10-15 20:43:32.466421+00,,1094730559239651329,Bake Show,2025-10-15 20:43:30.547109+00,2025-10-15 20:43:32.466372+00
1115719633545461761,2025-10-15 20:43:30.782443+00,2025-10-15 20:43:32.69741+00,,1094730559831605249,Omaha Audibles,2025-10-15 20:43:30.78241+00,2025-10-15 20:43:32.697338+00
1115719634236473345,2025-10-15 20:43:31.000424+00,2025-10-15 20:43:32.914788+00,,1094730560272891905,The Nut Dumper,2025-10-15 20:43:31.000387+00,2025-10-15 20:43:32.914717+00
1115719635030278145,2025-10-15 20:43:31.236752+00,2025-10-15 20:43:33.140433+00,,1094730560901054465,Daddy Doepker,2025-10-15 20:43:31.236712+00,2025-10-15 20:43:33.140394+00
1115719636212285441,2025-10-15 20:43:31.596753+00,2025-10-15 20:43:33.486283+00,,1094730561944420353,Walker Texas  Nutter,2025-10-15 20:43:31.596717+00,2025-10-15 20:43:33.486204+00
1115719638391226369,2025-10-15 20:43:32.267474+00,2025-10-22 17:57:42.672649+00,,1094730558715527169,Stuart Kittle,2025-10-15 20:43:32.267437+00,2025-10-22 17:57:42.672549+00
1115719639167729665,2025-10-15 20:43:32.498119+00,2025-10-22 17:57:43.228737+00,,1094730559239651329,Connor,2025-10-15 20:43:32.498096+00,2025-10-22 17:57:43.228656+00
1115719639908155393,2025-10-15 20:43:32.727679+00,2025-10-22 17:57:43.680724+00,,1094730559831605249,MarlBurrow Men,2025-10-15 20:43:32.727639+00,2025-10-22 17:57:43.68066+00
1115719640614600705,2025-10-15 20:43:32.942824+00,2025-10-22 17:57:44.147674+00,,1094730560272891905,Nabers Think I'm Selling Dope,2025-10-15 20:43:32.942755+00,2025-10-22 17:57:44.147614+00
1115719641349488641,2025-10-15 20:43:33.168088+00,2025-10-22 17:57:44.623884+00,,1094730560901054465,Hand Off My Penix,2025-10-15 20:43:33.168056+00,2025-10-22 17:57:44.623753+00
1115719642480017409,2025-10-15 20:43:33.513326+00,2025-10-22 17:57:45.352373+00,,1094730561944420353,Nutter SZN,2025-10-15 20:43:33.513282+00,2025-10-22 17:57:45.35232+00
1117668844989513729,2025-10-22 17:57:42.785636+00,2025-10-22 17:57:46.682541+00,,1094730558715527169,Christian Mingle,2025-10-22 17:57:42.785571+00,2025-10-22 17:57:46.682525+00
1117668846466891777,2025-10-22 17:57:43.287293+00,2025-10-22 17:57:47.190425+00,,1094730559239651329,Bake Show,2025-10-22 17:57:43.287259+00,2025-10-22 17:57:47.190371+00
1117668847952265217,2025-10-22 17:57:43.738048+00,2025-10-22 17:57:47.632456+00,,1094730559831605249,Omaha Audibles,2025-10-22 17:57:43.738011+00,2025-10-22 17:57:47.632386+00
1117668849489412097,2025-10-22 17:57:44.209682+00,2025-10-22 17:57:48.085372+00,,1094730560272891905,The Nut Dumper,2025-10-22 17:57:44.209644+00,2025-10-22 17:57:48.084795+00
1117668851035865089,2025-10-22 17:57:44.681126+00,2025-10-22 17:57:48.564499+00,,1094730560901054465,Daddy Doepker,2025-10-22 17:57:44.681058+00,2025-10-22 17:57:48.564426+00
1117668853412069377,2025-10-22 17:57:45.406799+00,2025-10-22 17:57:49.295468+00,,1094730561944420353,Walker Texas  Nutter,2025-10-22 17:57:45.406762+00,2025-10-22 17:57:49.295414+00
1117668857835978753,2025-10-22 17:57:46.757753+00,2025-10-30 15:54:02.521662+00,,1094730558715527169,Stuart Kittle,2025-10-22 17:57:46.75774+00,2025-10-30 15:54:02.521572+00
1117668859443380225,2025-10-22 17:57:47.248668+00,2025-10-30 15:54:02.823531+00,,1094730559239651329,Connor,2025-10-22 17:57:47.248618+00,2025-10-30 15:54:02.823456+00
1117668860915548161,2025-10-22 17:57:47.688799+00,2025-10-30 15:54:03.051674+00,,1094730559831605249,MarlBurrow Men,2025-10-22 17:57:47.688769+00,2025-10-30 15:54:03.051628+00
1117668862372839425,2025-10-22 17:57:48.139046+00,2025-10-30 15:54:03.324851+00,,1094730560272891905,Nabers Think I'm Selling Dope,2025-10-22 17:57:48.139008+00,2025-10-30 15:54:03.324764+00
1117668863935741953,2025-10-22 17:57:48.620619+00,2025-10-30 15:54:03.574551+00,,1094730560901054465,Hand Off My Penix,2025-10-22 17:57:48.620587+00,2025-10-30 15:54:03.57447+00
1117668866327740417,2025-10-22 17:57:49.350399+00,2025-10-30 15:54:04.003925+00,,1094730561944420353,Nutter SZN,2025-10-22 17:57:49.35036+00,2025-10-30 15:54:04.003858+00
1119909454469726209,2025-10-30 15:54:02.580982+00,2025-10-30 15:54:04.7816+00,,1094730558715527169,Christian Mingle,2025-10-30 15:54:02.580948+00,2025-10-30 15:54:04.781493+00
1119909455270707201,2025-10-30 15:54:02.850962+00,2025-10-30 15:54:05.015241+00,,1094730559239651329,Bake Show,2025-10-30 15:54:02.850933+00,2025-10-30 15:54:05.015196+00
1119909456086925313,2025-10-30 15:54:03.09947+00,2025-10-30 15:54:05.24066+00,,1094730559831605249,Omaha Audibles,2025-10-30 15:54:03.099427+00,2025-10-30 15:54:05.240586+00
1119909456927981569,2025-10-30 15:54:03.358207+00,2025-10-30 15:54:05.488424+00,,1094730560272891905,The Nut Dumper,2025-10-30 15:54:03.35817+00,2025-10-30 15:54:05.488353+00
1119909457759174657,2025-10-30 15:54:03.610884+00,2025-10-30 15:54:05.717994+00,,1094730560901054465,Daddy Doepker,2025-10-30 15:54:03.610853+00,2025-10-30 15:54:05.717876+00
1119909459171442689,2025-10-30 15:54:04.041883+00,2025-10-30 15:54:06.103994+00,,1094730561944420353,Walker Texas  Nutter,2025-10-30 15:54:04.041858+00,2025-10-30 15:54:06.10393+00
1119909460912046081,2025-10-30 15:54:04.572259+00,2025-10-30 16:21:41.148369+00,,1094730558067343361,Small Penix Gang,2025-10-30 15:54:04.57221+00,2025-10-30 16:21:41.148285+00
1119909461698183169,2025-10-30 15:54:04.812576+00,2025-10-30 16:21:41.761557+00,,1094730558715527169,Stuart Kittle,2025-10-30 15:54:04.812537+00,2025-10-30 16:21:41.76152+00
1119909462441033729,2025-10-30 15:54:05.042848+00,2025-10-30 16:21:42.090905+00,,1094730559239651329,Connor,2025-10-30 15:54:05.042797+00,2025-10-30 16:21:42.090824+00
1119909463190765569,2025-10-30 15:54:05.267516+00,2025-10-30 16:21:42.401706+00,,1094730559831605249,MarlBurrow Men,2025-10-30 15:54:05.267482+00,2025-10-30 16:21:42.401648+00
1119909464012914689,2025-10-30 15:54:05.518557+00,2025-10-30 16:21:42.752038+00,,1094730560272891905,Nabers Think I'm Selling Dope,2025-10-30 15:54:05.518518+00,2025-10-30 16:21:42.751988+00
1119909464762777601,2025-10-30 15:54:05.748222+00,2025-10-30 16:21:43.008091+00,,1094730560901054465,Rippin Darts ,2025-10-30 15:54:05.748194+00,2025-10-30 16:21:43.008059+00
1119909466027524097,2025-10-30 15:54:06.134095+00,2025-10-30 16:21:43.464641+00,,1094730561944420353,Nutter SZN,2025-10-30 15:54:06.134058+00,2025-10-30 16:21:43.464514+00
1119914889790259201,2025-10-30 16:21:41.322951+00,2025-10-30 16:21:44.183162+00,,1094730558067343361,Tua Deez Nutz,2025-10-30 16:21:41.322926+00,2025-10-30 16:21:44.183121+00
1119914891247648769,2025-10-30 16:21:41.794418+00,2025-10-30 16:21:44.419455+00,,1094730558715527169,Christian Mingle,2025-10-30 16:21:41.794388+00,2025-10-30 16:21:44.419386+00
1119914892343541761,2025-10-30 16:21:42.127662+00,2025-10-30 16:21:45.062544+00,,1094730559239651329,Bake Show,2025-10-30 16:21:42.127631+00,2025-10-30 16:21:45.062498+00
1119914893359251457,2025-10-30 16:21:42.433235+00,2025-10-30 16:21:45.86062+00,,1094730559831605249,Omaha Audibles,2025-10-30 16:21:42.433213+00,2025-10-30 16:21:45.860565+00
1119914894503215105,2025-10-30 16:21:42.785941+00,2025-10-30 16:21:46.343005+00,,1094730560272891905,The Nut Dumper,2025-10-30 16:21:42.785912+00,2025-10-30 16:21:46.342962+00
1119914895313633281,2025-10-30 16:21:43.037281+00,2025-10-30 16:21:46.846802+00,,1094730560901054465,Daddy Doepker,2025-10-30 16:21:43.037243+00,2025-10-30 16:21:46.846759+00
1119914896814899201,2025-10-30 16:21:43.495164+00,2025-10-30 16:21:47.533526+00,,1094730561944420353,Walker Texas  Nutter,2025-10-30 16:21:43.495126+00,2025-10-30 16:21:47.533482+00
1119914899178586113,2025-10-30 16:21:44.216493+00,2025-11-04 14:29:24.55196+00,,1094730558067343361,Small Penix Gang,2025-10-30 16:21:44.216467+00,2025-11-04 14:29:24.551863+00
1119914899942703105,2025-10-30 16:21:44.45063+00,2025-11-04 14:29:25.518929+00,,1094730558715527169,Stuart Kittle,2025-10-30 16:21:44.450592+00,2025-11-04 14:29:25.518846+00
1119914903183065089,2025-10-30 16:21:45.430533+00,2025-11-04 14:29:26.564645+00,,1094730559239651329,Connor,2025-10-30 16:21:45.430502+00,2025-11-04 14:29:26.564576+00
1119914904694685697,2025-10-30 16:21:45.898982+00,2025-11-04 14:29:27.533124+00,,1094730559831605249,MarlBurrow Men,2025-10-30 16:21:45.898955+00,2025-11-04 14:29:27.533058+00
1119914906259128321,2025-10-30 16:21:46.373229+00,2025-11-04 14:29:28.105644+00,,1094730560272891905,Nabers Think I'm Selling Dope,2025-10-30 16:21:46.373206+00,2025-11-04 14:29:28.10539+00
1119914907981086721,2025-10-30 16:21:46.900888+00,2025-11-04 14:29:28.737136+00,,1094730560901054465,Rippin Darts ,2025-10-30 16:21:46.900821+00,2025-11-04 14:29:28.737057+00
1119914910178607105,2025-10-30 16:21:47.573649+00,2025-11-04 14:29:29.869813+00,,1094730561944420353,Nutter SZN,2025-10-30 16:21:47.57361+00,2025-11-04 14:29:29.86976+00
1121308392750481409,2025-11-04 14:29:24.662903+00,2025-11-04 14:29:31.363216+00,,1094730558067343361,Tua Deez Nutz,2025-11-04 14:29:24.662877+00,2025-11-04 14:29:31.363152+00
1121308395695800321,2025-11-04 14:29:25.623738+00,2025-11-04 14:29:32.021308+00,,1094730558715527169,Christian Mingle,2025-11-04 14:29:25.623691+00,2025-11-04 14:29:32.021252+00
1121308399040790529,2025-11-04 14:29:26.644887+00,2025-11-04 14:29:32.825159+00,,1094730559239651329,Bake Show,2025-11-04 14:29:26.644851+00,2025-11-04 14:29:32.825106+00
1121308402140676097,2025-11-04 14:29:27.590627+00,2025-11-04 14:29:33.403088+00,,1094730559831605249,Omaha Audibles,2025-11-04 14:29:27.590571+00,2025-11-04 14:29:33.403021+00
1121308404005076993,2025-11-04 14:29:28.159643+00,2025-11-04 14:29:34.066304+00,,1094730560272891905,The Nut Dumper,2025-11-04 14:29:28.15962+00,2025-11-04 14:29:34.066257+00
1121308406077947905,2025-11-04 14:29:28.792665+00,2025-11-04 14:29:34.631742+00,,1094730560901054465,Daddy Doepker,2025-11-04 14:29:28.792619+00,2025-11-04 14:29:34.631693+00
1121308409774407681,2025-11-04 14:29:29.919998+00,2025-11-04 14:29:35.664402+00,,1094730561944420353,Walker Texas  Nutter,2025-11-04 14:29:29.919953+00,2025-11-04 14:29:35.664332+00
1121308414666735617,2025-11-04 14:29:31.414134+00,2025-11-04 15:20:11.941969+00,,1094730558067343361,Small Penix Gang,2025-11-04 14:29:31.414092+00,2025-11-04 15:20:11.941928+00
1121308416828899329,2025-11-04 14:29:32.073998+00,2025-11-04 15:20:12.794932+00,,1094730558715527169,Stuart Kittle,2025-11-04 14:29:32.073915+00,2025-11-04 15:20:12.794915+00
1121308419458498561,2025-11-04 14:29:32.8767+00,2025-11-04 15:20:13.585831+00,,1094730559239651329,Connor,2025-11-04 14:29:32.876654+00,2025-11-04 15:20:13.585818+00
1121308421353537537,2025-11-04 14:29:33.454985+00,2025-11-04 15:20:14.203769+00,,1094730559831605249,MarlBurrow Men,2025-11-04 14:29:33.454915+00,2025-11-04 15:20:14.203758+00
1121308423524450305,2025-11-04 14:29:34.116711+00,2025-11-04 15:20:15.087211+00,,1094730560272891905,Nabers Think I'm Selling Dope,2025-11-04 14:29:34.116679+00,2025-11-04 15:20:15.087197+00
1121308425998303233,2025-11-04 14:29:34.872563+00,2025-11-04 15:20:15.683426+00,,1094730560901054465,Rippin Darts ,2025-11-04 14:29:34.872534+00,2025-11-04 15:20:15.683414+00
1121308429437337601,2025-11-04 14:29:35.922105+00,2025-11-04 15:20:17.185114+00,,1094730561944420353,Nutter SZN,2025-11-04 14:29:35.922058+00,2025-11-04 15:20:17.185083+00
1121318378439606273,2025-11-04 15:20:12.060418+00,2025-11-04 15:20:19.821818+00,,1094730558067343361,Tua Deez Nutz,2025-11-04 15:20:12.060397+00,2025-11-04 15:20:19.821774+00
1121318380870238209,2025-11-04 15:20:12.850499+00,2025-11-04 15:20:20.812567+00,,1094730558715527169,Christian Mingle,2025-11-04 15:20:12.85049+00,2025-11-04 15:20:20.812494+00
1121318383486828545,2025-11-04 15:20:13.64929+00,2025-11-04 15:20:21.486902+00,,1094730559239651329,Bake Show,2025-11-04 15:20:13.649281+00,2025-11-04 15:20:21.48684+00
1121318385825710081,2025-11-04 15:20:14.276307+00,2025-11-04 15:20:22.320623+00,,1094730559831605249,Omaha Audibles,2025-11-04 15:20:14.276298+00,2025-11-04 15:20:22.320559+00
1121318388529332225,2025-11-04 15:20:15.187948+00,2025-11-04 15:20:23.013577+00,,1094730560272891905,The Nut Dumper,2025-11-04 15:20:15.187931+00,2025-11-04 15:20:23.013523+00
1121318390321512449,2025-11-04 15:20:15.734306+00,2025-11-04 15:20:23.539191+00,,1094730560901054465,Daddy Doepker,2025-11-04 15:20:15.73429+00,2025-11-04 15:20:23.539107+00
1121318395326955521,2025-11-04 15:20:17.262584+00,2025-11-04 15:20:24.645007+00,,1094730561944420353,Walker Texas  Nutter,2025-11-04 15:20:17.262525+00,2025-11-04 15:20:24.644919+00
1121318404742250497,2025-11-04 15:20:20.13468+00,2025-12-02 14:10:54.724215+00,,1094730558067343361,Small Penix Gang,2025-11-04 15:20:20.134644+00,2025-12-02 14:10:54.724049+00
1121318407158595585,2025-11-04 15:20:20.873414+00,2025-11-04 15:20:20.873414+00,,1094730558715527169,Stuart Kittle,2025-11-04 15:20:20.873373+00,
1121318409465659393,2025-11-04 15:20:21.577467+00,2025-11-04 15:20:21.577467+00,,1094730559239651329,Connor,2025-11-04 15:20:21.577402+00,
1121318412177932289,2025-11-04 15:20:22.404698+00,2025-11-04 15:20:22.404698+00,,1094730559831605249,MarlBurrow Men,2025-11-04 15:20:22.404629+00,
1121318414369325057,2025-11-04 15:20:23.072565+00,2025-11-25 15:24:19.248777+00,,1094730560272891905,Nabers Think I'm Selling Dope,2025-11-04 15:20:23.072526+00,2025-11-25 15:24:19.248686+00
1121318416137093121,2025-11-04 15:20:23.613325+00,2025-11-25 15:24:19.550794+00,,1094730560901054465,Rippin Darts ,2025-11-04 15:20:23.613285+00,2025-11-25 15:24:19.550687+00
1121318419724697601,2025-11-04 15:20:24.708171+00,2025-11-04 15:20:24.708171+00,,1094730561944420353,Nutter SZN,2025-11-04 15:20:24.708134+00,
1127264614539395073,2025-11-25 15:24:19.302435+00,2025-12-02 14:10:55.469314+00,,1094730560272891905,This Team is Straight Boutte,2025-11-25 15:24:19.302395+00,2025-12-02 14:10:55.469259+00
1127264615379337217,2025-11-25 15:24:19.588709+00,2025-11-25 15:24:19.588709+00,,1094730560901054465,For Kyren Out Loud,2025-11-25 15:24:19.588656+00,
1129231990511763457,2025-12-02 14:10:54.788084+00,2026-01-07 03:33:10.504442+00,,1094730558067343361,Only A Matter Of Time,2025-12-02 14:10:54.788035+00,2026-01-07 03:33:10.504324+00
1129231992754700289,2025-12-02 14:10:55.49624+00,2025-12-02 14:10:55.49624+00,,1094730560272891905,Boutte Respecters,2025-12-02 14:10:55.496181+00,
1139298764725977089,2026-01-07 03:33:10.572445+00,2026-01-07 03:33:10.572445+00,,1094730558067343361,Tua Deez Nuts,2026-01-07 03:33:10.572419+00,
